,data_value
0,1652398504
1,2049273794
2,1775884341
3,463863922
4,1670183483
5,1280786319
6,754622556
7,622899027
8,263062203
9,503315245
10,1627183155
11,2089388409
12,487834770
13,295288104
14,1268295323
15,90355493
16,1363353924
17,2134245449
18,809248521
19,1417882336
20,1618829496
21,596123922
22,1041256321
23,1791585337
24,1947497874
25,2130225360
26,1137335565
27,161651221
28,559759477
29,316068662
30,1908059911
31,1616050009
32,564366374
33,1573523550
34,732757424
35,1019283669
36,1484151601
37,468094525
38,11358518
39,454325590
40,1519662326
41,2074650573
42,682262635
43,1281278211
44,609986111
45,1834996333
46,1250615352
47,64429764
48,1179710171
49,1986486961
50,1334956948
51,1995706224
52,1039233347
53,619585756
54,1232528404
55,1950780289
56,254824910
57,325852032
58,115472310
59,1156737074
60,799976285
61,1762809096
62,2079369481
63,879488317
64,1007469728
65,1626021898
66,101300456
67,1447760951
68,736504952
69,737919815
70,843502481
71,750363417
72,1125235059
73,1141952589
74,234288791
75,514101936
76,692168576
77,1245963838
78,1269624406
79,94705206
80,628735525
81,1519845261
82,2050100614
83,2028574867
84,1698928187
85,975270778
86,365175208
87,813531712
88,295238140
89,1047911086
90,876054880
91,422788933
92,1761328852
93,1045565039
94,1239273515
95,1517741475
96,744202438
97,279108505
98,1991784353
99,413502100
100,30841021
101,1080058702
102,490744400
103,470244934
104,1211860694
105,1422086308
106,72792202
107,475567810
108,369267451
109,17267958
110,1946920064
111,613266384
112,1514452384
113,556330337
114,1857432488
115,394383293
116,894337669
117,1624492946
118,549595774
119,219812917
120,670790833
121,888771852
122,1080690278
123,1848771073
124,2006124723
125,1705485524
126,1146425152
127,2027012513
128,1375851868
129,1656079765
130,535557774
131,1883257541
132,1226139112
133,2089438398
134,2067239194
135,526080097
136,665812827
137,1988315073
138,1298345077
139,1536049558
140,1831672694
141,683770895
142,2080987507
143,698674981
144,770687711
145,1672409216
146,873190061
147,550431849
148,1082402689
149,453676017
150,1458405261
151,1903232241
152,1109025405
153,184794683
154,551263929
155,825279567
156,512070574
157,1313720004
158,1284593571
159,1193806069
160,2038614835
161,302568247
162,1130554381
163,1989367344
164,1614525996
165,2031425189
166,1955448183
167,629110502
168,589142535
169,1052574925
170,1488250819
171,865536085
172,353057485
173,1012040051
174,291664502
175,186644963
176,115079208
177,190561208
178,947743166
179,1745049178
180,873001939
181,42732565
182,361282930
183,472514454
184,1670772119
185,189935029
186,1146049696
187,480666423
188,751797562
189,806457732
190,1016086235
191,236568675
192,1278308835
193,1969963393
194,57623588
195,184547700
196,1624574791
197,913620477
198,375799844
199,1450402035
200,78520048
201,772645629
202,2105298733
203,57472444
204,2078649631
205,106446803
206,1943428084
207,1177335347
208,79590327
209,1457829111
210,578289575
211,1902446441
212,205314359
213,2009615893
214,2083563370
215,734155942
216,6750008
217,1140570001
218,1817577801
219,2101175955
220,1945694500
221,479552733
222,172146335
223,874242223
224,1190987903
225,789518068
226,2068626123
227,615252727
228,431240414
229,819436026
230,80997519
231,2121294948
232,1370895479
233,288454616
234,1705859128
235,2042892894
236,920577792
237,578948913
238,1994345554
239,263291897
240,608343166
241,741304522
242,1488881755
243,819652059
244,1182344890
245,1412050315
246,357612425
247,1032508686
248,1938637099
249,1366817926
250,1173069551
251,1804222010
252,77623696
253,1270159803
254,1000327503
255,318316587
256,808489886
257,24128460
258,1917668140
259,1713653838
260,1549646639
261,1276840099
262,131263200
263,1047932190
264,1764699594
265,965532794
266,1323547807
267,1685675921
268,270283737
269,1647831292
270,1648532787
271,1935507236
272,1664829991
273,233717089
274,222687168
275,1331802944
276,2140576759
277,1279108491
278,265498695
279,1713651768
280,775392528
281,1372748020
282,413128794
283,2052492074
284,788927298
285,115513290
286,1280661774
287,387668187
288,401855277
289,1778349688
290,769459680
291,347812990
292,484014692
293,1181733152
294,250517959
295,999707131
296,293100285
297,119578649
298,2102375031
299,864155638
300,1310761304
301,1591329404
302,1276948116
303,2063146607
304,939513119
305,107898135
306,1337619887
307,1604390064
308,67635244
309,341536438
310,144742172
311,130199678
312,788386769
313,749870258
314,19720687
315,879961910
316,1846073813
317,1793495093
318,1025584909
319,1166609032
320,979082193
321,1538902710
322,1650280206
323,871126452
324,176195754
325,1604924706
326,1611987440
327,13957397
328,824607384
329,384263781
330,494624378
331,1897450210
332,1728104156
333,206391565
334,1570047908
335,918235941
336,211636042
337,1965412801
338,1204523246
339,140956413
340,1098001144
341,417174537
342,2117575135
343,417082424
344,629835327
345,1977047074
346,1847376935
347,512894235
348,515266312
349,1156802876
350,1566998815
351,1940520438
352,463712196
353,1452602205
354,124814881
355,1052972371
356,1996646848
357,5046895
358,269500992
359,1704128565
360,1535691547
361,1683396444
362,762341170
363,706385070
364,1957261282
365,1671536824
366,1978214559
367,720812471
368,842805508
369,1142995432
370,1388613378
371,1775005335
372,1719811718
373,80968005
374,888177960
375,2053322771
376,1115741771
377,184659164
378,641620731
379,1086403674
380,1859634777
381,965376688
382,1449786641
383,342164809
384,339824302
385,272165776
386,1098175513
387,1653730145
388,1521107166
389,1834347529
390,492833646
391,1903028453
392,1150192360
393,693510304
394,130034107
395,1615755024
396,1403695361
397,1632621892
398,65422028
399,337393212
400,1690910998
401,275496858
402,1222471284
403,891097331
404,2067834514
405,582401861
406,1509629575
407,116855178
408,1702921572
409,1072275777
410,1926108239
411,62198955
412,97919027
413,121710501
414,966520687
415,1865218392
416,1646407142
417,1372622849
418,1701611299
419,1181594247
420,346651576
421,1822961487
422,1395929011
423,1016906287
424,1656719866
425,1439866068
426,105586166
427,1486752008
428,149975609
429,1270558520
430,1239136703
431,96520597
432,834903414
433,1656621873
434,1453734585
435,368873930
436,266969474
437,2069273444
438,1330184828
439,168887731
440,989022977
441,391221595
442,23178403
443,1243740637
444,1942135061
445,1068601831
446,456123347
447,1685951622
448,1673629420
449,2146651081
450,1094977158
451,1351842287
452,1136061463
453,90933028
454,1895025032
455,617652317
456,1171665432
457,215874979
458,170635844
459,189970283
460,1310325660
461,781833139
462,2065909570
463,1751168904
464,1090096917
465,905748595
466,1555405823
467,32271900
468,1748867287
469,108519130
470,1452852461
471,1684193303
472,1527421668
473,383172177
474,1199918108
475,1761452004
476,5834714
477,1953774302
478,114132683
479,1099250356
480,765096009
481,1176035971
482,2138694342
483,1324196255
484,852231052
485,1716316142
486,2133912697
487,1097487851
488,2126456699
489,581587438
490,1444441530
491,813073191
492,987838124
493,1267835588
494,1092209083
495,906219600
496,752720846
497,1953684799
498,359249651
499,886694405
500,650986344
501,901334519
502,532604829
503,590444487
504,598077553
505,1893639457
506,1936759967
507,1519611475
508,1538109580
509,589520871
510,1477175688
511,2094025112
512,799759895
513,895221380
514,1869190628
515,883085783
516,1332409092
517,138131487
518,1014988524
519,1347266199
520,176107131
521,126112384
522,694717170
523,1835144272
524,677777266
525,857821707
526,575838952
527,1449583765
528,832068423
529,543477820
530,1485999199
531,196424361
532,1305715951
533,451509753
534,1081996538
535,150775543
536,1446131848
537,779324645
538,408598652
539,998367998
540,1998882072
541,293189860
542,345779282
543,1151963182
544,1732153508
545,2097325635
546,1075240183
547,675524531
548,1987989863
549,1108464431
550,1526058862
551,434025869
552,232559238
553,605405085
554,754935818
555,1465367839
556,681041129
557,461517789
558,1009104452
559,2112735096
560,823867598
561,145218971
562,1008663485
563,1503660240
564,1754564113
565,901191394
566,1515891071
567,1073099378
568,879864383
569,898977268
570,2108284309
571,599394887
572,1671830396
573,643233999
574,181313806
575,563826233
576,1535301801
577,1906920061
578,370161256
579,1018794335
580,1304403653
581,216468020
582,1856242741
583,1015180387
584,683867681
585,1553795438
586,1242010941
587,1836984822
588,244364900
589,350629602
590,67897183
591,557774484
592,89030110
593,1048606672
594,486126150
595,381869156
596,400802498
597,1517245365
598,1787385982
599,1354399066
600,1144549331
601,1567544897
602,1991630735
603,785454669
604,1572683050
605,600710734
606,1505765746
607,1436322171
608,1822573397
609,1454177538
610,104322205
611,1202914345
612,2100550929
613,164330908
614,1372135060
615,2135940167
616,109501667
617,1053340306
618,1495321529
619,1491052882
620,1256616359
621,856728802
622,339826982
623,564182601
624,1285433013
625,1108218127
626,706555076
627,118361775
628,388518660
629,1628784582
630,1550415502
631,1633451741
632,921691567
633,1325940272
634,160118831
635,648574345
636,1735638354
637,1514017948
638,1765076235
639,183637505
640,1917017267
641,109231125
642,1199682603
643,974524259
644,1081126834
645,317525012
646,169776550
647,134347785
648,2083269288
649,1604784415
650,1562872697
651,1839472751
652,1321721279
653,1875703569
654,794034064
655,770666800
656,152241669
657,148845167
658,1329880158
659,1884025070
660,1282985428
661,903676712
662,916442536
663,2094309238
664,148378164
665,944584796
666,631630391
667,43355543
668,878096488
669,1436724052
670,1590239840
671,222788906
672,728461976
673,1400694331
674,1111989202
675,1984528353
676,2140595688
677,1228331530
678,366511873
679,820766342
680,1650959742
681,216984856
682,1345856695
683,801702797
684,491697063
685,668251074
686,1994652043
687,497242485
688,1572573950
689,109130264
690,566948051
691,907569862
692,937874888
693,1901890409
694,1452922531
695,1960828956
696,684704289
697,1655970822
698,955520810
699,247150684
700,1653054664
701,2064602260
702,112913313
703,486100872
704,378344393
705,1090560681
706,355018855
707,295195989
708,1937041393
709,1495268555
710,1670239249
711,161258935
712,896877409
713,165467997
714,37804254
715,29317331
716,1050301855
717,1729606165
718,268628863
719,1792328688
720,461884398
721,265284518
722,1396859193
723,1366461335
724,671693744
725,505973673
726,2083522800
727,1676233820
728,582424410
729,55249199
730,1481728869
731,251484081
732,992004577
733,1867826066
734,2066918161
735,1965207623
736,1470249591
737,1741929807
738,2134091590
739,1011648190
740,530821883
741,652659147
742,987042308
743,1292462073
744,514814358
745,1982751850
746,2140556375
747,1255704502
748,1297533007
749,303412687
750,951685554
751,792002812
752,130383196
753,749002733
754,835435582
755,416705562
756,1371418958
757,290849930
758,465513766
759,666691532
760,358101108
761,1219953093
762,1354719714
763,1935805603
764,2035811919
765,518943630
766,909902358
767,1108208351
768,1751009090
769,930917697
770,641186126
771,791688898
772,799850923
773,748873960
774,1379587013
775,761910929
776,643302599
777,843292815
778,578769101
779,1350342235
780,1154323500
781,681917979
782,1492662254
783,1857407699
784,1430701840
785,1466980583
786,1982782530
787,338358993
788,1502225547
789,1494286447
790,1487817958
791,1741381647
792,381379871
793,625025916
794,1634983742
795,284392455
796,2077780333
797,511540492
798,844294257
799,557051250
800,340241570
801,2049943455
802,1179241138
803,2017640765
804,458131032
805,1455007596
806,193676903
807,91254910
808,1873659602
809,1402832016
810,527301376
811,1836680423
812,460244720
813,3656274
814,1410977544
815,1362286429
816,2063144108
817,37664620
818,1920185246
819,1290368723
820,1007022098
821,1499254344
822,563355920
823,1860326542
824,792133445
825,340675858
826,2094662279
827,433181723
828,1355541833
829,1628707672
830,1545606689
831,832110127
832,1007228353
833,2015269305
834,864745822
835,709329139
836,1174015112
837,1441145549
838,1715822871
839,336803308
840,2024342423
841,551905249
842,796515315
843,1666837576
844,2131149338
845,155138532
846,1183297544
847,171957925
848,757003614
849,1055625572
850,2146783376
851,1735253738
852,1084661680
853,1092427406
854,469159967
855,559251360
856,700068287
857,1876578909
858,832279444
859,1175618207
860,1252110422
861,1230431465
862,1136555832
863,64056110
864,948695589
865,912925022
866,222585736
867,1662733546
868,1737133776
869,1546512842
870,2125943073
871,702925475
872,1679934764
873,1596725971
874,1371856918
875,45449125
876,1092713778
877,1691200731
878,1312692084
879,1716395141
880,1068512634
881,1914026462
882,944750252
883,762867891
884,255675662
885,1383841559
886,1082772437
887,964768298
888,1947824630
889,2082212635
890,1215352175
891,1372019334
892,568415315
893,2141226383
894,1800023193
895,1164901742
896,1543233741
897,1647857007
898,1533115171
899,1095728370
900,1234507343
901,1795959430
902,481849777
903,1581178009
904,1883913002
905,309791164
906,1621154331
907,269064998
908,1668020682
909,1450002620
910,1293036665
911,391189749
912,564060248
913,1116079360
914,1362330338
915,697740542
916,1130462064
917,1125295162
918,111386505
919,263676202
920,937538024
921,618503637
922,1447129603
923,1341667841
924,1077555227
925,912266420
926,1758852454
927,524005425
928,649251761
929,605626036
930,107687489
931,872436625
932,96729904
933,1826646033
934,843962227
935,1432336357
936,1407664297
937,433640829
938,1362571132
939,754745171
940,1903731540
941,1726119609
942,661742687
943,1645988966
944,12387249
945,1299040703
946,1940850646
947,498469981
948,143546543
949,357341338
950,1538764643
951,470333360
952,1856763102
953,262287231
954,1903382143
955,1869631866
956,1507194360
957,1717100887
958,1993809976
959,533820028
960,1250113830
961,151392533
962,308900930
963,1296219260
964,1801448760
965,26424654
966,1562974210
967,1655689826
968,233717596
969,934773992
970,451632082
971,1044395360
972,340567207
973,391881257
974,1309569146
975,364809424
976,1773672960
977,1933122880
978,115348300
979,1397802811
980,12295540
981,1779374032
982,717119740
983,1150381894
984,907302469
985,70495275
986,1449447848
987,700908117
988,355168729
989,59452504
990,1457957893
991,1975112325
992,1149296995
993,366223106
994,1948402657
995,1235221327
996,1732767987
997,347256329
998,1875457265
999,102463007
1000,1625824444
1001,1375924091
1002,31592582
1003,37097393
1004,93374313
1005,1242224671
1006,1822241096
1007,1570982833
1008,426497407
1009,1189034142
1010,1996015986
1011,242498529
1012,2078112659
1013,1532300905
1014,1196897820
1015,1683430690
1016,1344191756
1017,536994423
1018,1426930212
1019,1684383479
1020,26897801
1021,1343937759
1022,723929730
1023,556158028
1024,432365867
1025,632102103
1026,391431086
1027,2045061711
1028,1539922368
1029,1299436151
1030,1279921006
1031,1958625685
1032,1007057148
1033,1353976625
1034,1984781841
1035,1803608119
1036,126799554
1037,985461595
1038,1567846113
1039,1821946906
1040,114101696
1041,549208760
1042,1500171909
1043,1953815273
1044,1787531430
1045,32574583
1046,1967522365
1047,1397628408
1048,1959879921
1049,2007554124
1050,1472892202
1051,505887496
1052,92339648
1053,1883575608
1054,1351497546
1055,595859356
1056,314153006
1057,1393321354
1058,1727179471
1059,2126975555
1060,57717005
1061,151809112
1062,127924604
1063,1837595677
1064,758224571
1065,1167433162
1066,1047513702
1067,1739224354
1068,810577924
1069,672888743
1070,740510508
1071,1351064766
1072,253236610
1073,61497730
1074,1256700636
1075,1970389501
1076,2147480082
1077,1795377596
1078,388213942
1079,1928374914
1080,2039320826
1081,829575612
1082,1660267935
1083,706261921
1084,1309773872
1085,1034300740
1086,1987623494
1087,1011899544
1088,1368936860
1089,278908297
1090,1343348669
1091,1749246890
1092,1827966513
1093,1329316127
1094,781425934
1095,1698752437
1096,1772594921
1097,1194046492
1098,649803933
1099,1946788715
1100,1937157104
1101,1802095689
1102,252268412
1103,1583667543
1104,751056608
1105,991222444
1106,1990735568
1107,1210159914
1108,1195520215
1109,668073108
1110,217957216
1111,681202103
1112,555578939
1113,264616655
1114,1632878192
1115,1346560159
1116,944170852
1117,538324985
1118,1080150910
1119,234509863
1120,1457000761
1121,1165432646
1122,1590486373
1123,893388213
1124,938864704
1125,293313351
1126,475528099
1127,76243363
1128,433950459
1129,609246301
1130,762379836
1131,1471761645
1132,1996733846
1133,1789840278
1134,1435080074
1135,1489271127
1136,892281338
1137,1275195286
1138,2004753456
1139,1953621177
1140,817873463
1141,835996314
1142,1173167453
1143,825744000
1144,1610223813
1145,229358229
1146,10478971
1147,773578094
1148,1261555252
1149,1926559253
1150,1762877487
1151,1951841482
1152,1670547140
1153,161142347
1154,1572401159
1155,766958928
1156,1875384068
1157,836122555
1158,1919411821
1159,1371620439
1160,799945410
1161,120407131
1162,1064334650
1163,507047946
1164,560730769
1165,982465561
1166,604394392
1167,167099343
1168,1419650977
1169,11491803
1170,1591578783
1171,504184457
1172,1674345782
1173,963191933
1174,1082741478
1175,1630307137
1176,1997543314
1177,1746927200
1178,1534986406
1179,1344822048
1180,966123075
1181,986832576
1182,831923414
1183,993437080
1184,948685870
1185,459049450
1186,1150717843
1187,1562115392
1188,796378874
1189,1080675879
1190,1987797568
1191,616155962
1192,1120029442
1193,541289652
1194,1231548841
1195,486429363
1196,184167952
1197,296559027
1198,1293874331
1199,199661529
1200,319772249
1201,1960262732
1202,1362093163
1203,671240869
1204,2080310621
1205,1136190498
1206,1963687802
1207,759469870
1208,1672235363
1209,1815400140
1210,927157002
1211,746679602
1212,407340789
1213,821003331
1214,648003804
1215,145405495
1216,1294818464
1217,613545414
1218,112607944
1219,156992586
1220,741823817
1221,1760826382
1222,376281070
1223,185707466
1224,833118543
1225,1258733238
1226,770105992
1227,96351326
1228,231486871
1229,1621992131
1230,414928679
1231,1937187905
1232,474840963
1233,2130386240
1234,603446085
1235,1313233981
1236,2092083713
1237,718367122
1238,384945962
1239,1681811110
1240,388665060
1241,1637307374
1242,1508835663
1243,1266052634
1244,2080007236
1245,886094856
1246,773139984
1247,1184985106
1248,1246895358
1249,1732231214
1250,278673306
1251,1923820198
1252,608590694
1253,2133615489
1254,1415901247
1255,577606082
1256,2126282800
1257,1722364065
1258,549006861
1259,1889972303
1260,1158974830
1261,1480170601
1262,1612827412
1263,772959244
1264,1752864046
1265,382093936
1266,1328306850
1267,1754485019
1268,123702631
1269,36009993
1270,1993483847
1271,1597105851
1272,1750716221
1273,1399180685
1274,1691819179
1275,1351193602
1276,1383771427
1277,1030255970
1278,564443592
1279,1818585251
1280,1388129250
1281,1899053979
1282,1061176866
1283,1368596428
1284,566323121
1285,1762189987
1286,1445063342
1287,1071795243
1288,1899647790
1289,1385634040
1290,1961117158
1291,1944987252
1292,1522583337
1293,1157176026
1294,964217832
1295,1449923947
1296,1406404326
1297,832930739
1298,1121694388
1299,224189030
1300,459386121
1301,1506751700
1302,807905471
1303,682928003
1304,600967424
1305,2078946010
1306,366549612
1307,1140247093
1308,193971764
1309,720600307
1310,1175634855
1311,1229808099
1312,84145710
1313,1218311053
1314,246111189
1315,1912640767
1316,35051762
1317,624847433
1318,1260695629
1319,1095528687
1320,862810848
1321,506843590
1322,1199121171
1323,251688681
1324,1237143123
1325,743058458
1326,1542859661
1327,1468850294
1328,1241417529
1329,842790831
1330,1243982247
1331,456104152
1332,1245945416
1333,707312774
1334,1519361033
1335,1336667368
1336,1762533676
1337,1926521237
1338,1920587815
1339,1659334935
1340,2052435146
1341,1039365970
1342,1470246628
1343,620800025
1344,1479711305
1345,1689582746
1346,1191340253
1347,2027604919
1348,301859788
1349,1328839969
1350,1788678302
1351,356813353
1352,1486405130
1353,1390658045
1354,1897465880
1355,1559687826
1356,186644808
1357,1436317994
1358,987637497
1359,1537153047
1360,253569028
1361,1268574063
1362,897494018
1363,1367306499
1364,24214405
1365,1793442549
1366,56610573
1367,1561343857
1368,1977670514
1369,887092630
1370,1257538356
1371,1621893513
1372,1502969425
1373,2143242075
1374,2012779937
1375,1652837476
1376,1192395739
1377,1853962975
1378,132064341
1379,1606187115
1380,2062548337
1381,1662902034
1382,206232873
1383,424893803
1384,2036386273
1385,1950740678
1386,887618901
1387,1655566392
1388,55343506
1389,103185456
1390,1159075745
1391,189163605
1392,1094537514
1393,540916503
1394,1337671594
1395,1149527191
1396,1101577955
1397,1140896209
1398,1886211712
1399,567173696
1400,1784102671
1401,583467512
1402,1117104880
1403,1403150107
1404,1794400296
1405,983552946
1406,449553718
1407,2107503412
1408,125559547
1409,1249442142
1410,1781449193
1411,1632437586
1412,990987697
1413,415569472
1414,1683723454
1415,1104963181
1416,1279801494
1417,1564445691
1418,211160755
1419,393959172
1420,1382973467
1421,1262348654
1422,1696162238
1423,493092566
1424,59816659
1425,2133612400
1426,2123585228
1427,353180784
1428,2069835169
1429,1735494283
1430,642214593
1431,1511798352
1432,2025935237
1433,970126725
1434,516603400
1435,274821115
1436,1755745584
1437,1601467203
1438,687360343
1439,2020888500
1440,2030240349
1441,753028517
1442,1229967422
1443,2065661816
1444,1031200500
1445,1247609505
1446,789369024
1447,1998912925
1448,955117308
1449,533906706
1450,7485422
1451,474704914
1452,1907878627
1453,2130841036
1454,800770426
1455,558942203
1456,1447076555
1457,1621271736
1458,929206264
1459,1648107984
1460,829108841
1461,547065367
1462,1561872269
1463,452070817
1464,2130015686
1465,737490816
1466,1834133701
1467,668627922
1468,268702472
1469,1329782518
1470,150841576
1471,1067776153
1472,336899489
1473,1392063801
1474,956723990
1475,1769305479
1476,1152150765
1477,1036682798
1478,398756382
1479,1230674884
1480,1904187499
1481,1615215697
1482,532857431
1483,195531730
1484,1313869124
1485,27295063
1486,2013470849
1487,277121649
1488,1389276921
1489,804277509
1490,1550556095
1491,1614798661
1492,621713085
1493,1317903990
1494,1352471941
1495,1635027140
1496,60898908
1497,273189776
1498,145533105
1499,1419370655
1500,1519698542
1501,459545679
1502,651972350
1503,530373748
1504,1131095451
1505,1943250391
1506,1379443527
1507,1929320004
1508,691223485
1509,1793199574
1510,1057974487
1511,440547438
1512,20887640
1513,1084172376
1514,1866849502
1515,1178721792
1516,545481859
1517,68521373
1518,2099591982
1519,456408251
1520,37277285
1521,1986143841
1522,1473707907
1523,228038021
1524,216155500
1525,745233859
1526,1006562670
1527,2031243751
1528,1857779937
1529,618384596
1530,1834668454
1531,1491642620
1532,802349846
1533,1332561791
1534,1187234686
1535,898750111
1536,720328211
1537,139984369
1538,1742745655
1539,1849443930
1540,796040170
1541,265664796
1542,1648297115
1543,271694072
1544,447258924
1545,893573575
1546,199152449
1547,1948522640
1548,712024446
1549,221564825
1550,891093445
1551,839683950
1552,1609259492
1553,1531759088
1554,1151776096
1555,1027301940
1556,111202779
1557,1545861700
1558,288408412
1559,2003641907
1560,474269930
1561,99703329
1562,9016290
1563,1842683764
1564,1235720446
1565,1888830022
1566,1322511664
1567,1819973244
1568,1294496854
1569,2034872876
1570,1079885087
1571,1795265172
1572,598449305
1573,1742047447
1574,1831586970
1575,1188457624
1576,2014632205
1577,1471817596
1578,389056932
1579,1562744529
1580,14607550
1581,1404281938
1582,1094589024
1583,17604966
1584,1575545664
1585,18778859
1586,287083382
1587,1465298544
1588,1692745752
1589,1599862833
1590,1393267950
1591,1420827763
1592,1227633767
1593,1319681821
1594,1746366659
1595,2046922304
1596,1399678746
1597,564585121
1598,2083548702
1599,789472114
1600,1275071934
1601,1805619038
1602,1570255476
1603,1517692283
1604,1305674830
1605,1090607586
1606,749976442
1607,506609399
1608,851506733
1609,1374345393
1610,1322420203
1611,665164836
1612,856644522
1613,286474367
1614,1055478923
1615,220484157
1616,218640471
1617,274803100
1618,1770686023
1619,878297124
1620,954285198
1621,959230711
1622,630973982
1623,128680980
1624,2137082682
1625,278425000
1626,798381145
1627,1754323439
1628,1245766043
1629,1644255049
1630,2089087307
1631,775293998
1632,769319800
1633,1939287157
1634,1613152639
1635,683429212
1636,361076668
1637,54861461
1638,2140887948
1639,406402781
1640,1404285106
1641,2098723527
1642,1529349193
1643,1188233594
1644,346095762
1645,1475041795
1646,1245239455
1647,989128385
1648,558001836
1649,453535066
1650,1962599089
1651,1338174428
1652,1354859693
1653,2136305632
1654,1705662645
1655,1473007992
1656,919444179
1657,1814219449
1658,1754604552
1659,275299933
1660,1738009164
1661,621006817
1662,1480903320
1663,1071297425
1664,258757704
1665,1416471805
1666,90403463
1667,1300663861
1668,27158012
1669,242380327
1670,1313288316
1671,276218748
1672,2078599089
1673,21049845
1674,1697506638
1675,1804897684
1676,702673496
1677,61920434
1678,823850362
1679,1580585766
1680,63441578
1681,483958007
1682,864836730
1683,2072037385
1684,160421938
1685,939777135
1686,1167119150
1687,982663444
1688,1831963273
1689,1182908108
1690,986127876
1691,1215115287
1692,687418997
1693,1493047011
1694,815025410
1695,1940920584
1696,309027611
1697,768596758
1698,1881539724
1699,1198762987
1700,1415012186
1701,1395451207
1702,161172763
1703,1126095757
1704,812775883
1705,640914812
1706,231481290
1707,1699512631
1708,892626972
1709,1670626166
1710,1627258157
1711,373762038
1712,110393622
1713,1612754501
1714,500053426
1715,236039844
1716,872025711
1717,1369697788
1718,716754034
1719,2024062509
1720,1141973558
1721,583771466
1722,386823088
1723,845041402
1724,643220542
1725,239758586
1726,2023393887
1727,1639781695
1728,977307463
1729,493570452
1730,2038714647
1731,509758970
1732,998311935
1733,361206704
1734,1058890334
1735,1575693237
1736,95454065
1737,1227868452
1738,1323530972
1739,1884925508
1740,1063786044
1741,65171326
1742,277651715
1743,565965899
1744,147346602
1745,842588360
1746,1450064816
1747,256199823
1748,802864010
1749,1797898109
1750,1814071489
1751,378552953
1752,931861515
1753,1147180559
1754,268838362
1755,51706595
1756,641092418
1757,1612083122
1758,1413189447
1759,1042600307
1760,403161194
1761,1366995960
1762,490046090
1763,1626725875
1764,1649136126
1765,2017768558
1766,843153400
1767,1777111505
1768,1941282926
1769,2118080501
1770,667276619
1771,1549354702
1772,1489383954
1773,1396477712
1774,2132640950
1775,2032296535
1776,790777326
1777,2082503411
1778,1896816164
1779,128658194
1780,1748002329
1781,1977394803
1782,308315487
1783,33283404
1784,1860003839
1785,1873240625
1786,1630228591
1787,1167149909
1788,1061379567
1789,1302308862
1790,655036229
1791,1438582083
1792,153598772
1793,307892972
1794,1515757437
1795,1850763184
1796,1695267552
1797,485600980
1798,1701132290
1799,559249381
1800,666401696
1801,1206821312
1802,1135170491
1803,542837071
1804,1073666036
1805,119421964
1806,644043908
1807,194499352
1808,859996953
1809,482604124
1810,2123442202
1811,1791902003
1812,990414198
1813,928242022
1814,373034761
1815,645300084
1816,1128429672
1817,996753079
1818,637788439
1819,865351321
1820,347360687
1821,322245455
1822,1979550246
1823,866306655
1824,1887332073
1825,2079360525
1826,496244674
1827,1990735457
1828,135172727
1829,1242825717
1830,377738313
1831,120413334
1832,1105228592
1833,830600154
1834,1693595934
1835,1854532354
1836,524323774
1837,918655984
1838,1786810852
1839,1766388358
1840,746607267
1841,1675560350
1842,1271566560
1843,1623286610
1844,33002239
1845,1134615664
1846,395979713
1847,1596282160
1848,1395681529
1849,622835798
1850,920383330
1851,354630010
1852,1219413138
1853,526825142
1854,1549005375
1855,1553832847
1856,575401686
1857,1224055629
1858,399742791
1859,885320242
1860,793902652
1861,58033885
1862,657790582
1863,1538943294
1864,762313125
1865,779848138
1866,1859966013
1867,1589786980
1868,1359828750
1869,551179072
1870,2081296179
1871,1652819205
1872,312052307
1873,1570020886
1874,1037217593
1875,1858982430
1876,1007568196
1877,74242900
1878,1763688102
1879,819302807
1880,1779300000
1881,1416594845
1882,222443196
1883,1601850480
1884,2142170406
1885,1105696509
1886,1750305849
1887,1954127920
1888,2066419971
1889,1136112086
1890,1857388176
1891,1167079180
1892,1989361554
1893,387994129
1894,2039820604
1895,1631331069
1896,1990393012
1897,1625936620
1898,1124846917
1899,192736607
1900,1854444029
1901,410208714
1902,2146072991
1903,1885886316
1904,560048157
1905,693933614
1906,1622543845
1907,1696115953
1908,850600903
1909,2001859478
1910,1403129778
1911,497208452
1912,323873293
1913,1675769530
1914,821946622
1915,2053377578
1916,1276971153
1917,490840607
1918,1622675610
1919,1963547008
1920,1943959122
1921,9429465
1922,513628143
1923,837465031
1924,783003748
1925,1258013856
1926,1151004959
1927,1991241226
1928,935984688
1929,2005303110
1930,2138824067
1931,732025405
1932,801124450
1933,988565218
1934,1627314104
1935,2132755846
1936,85214327
1937,2118777481
1938,499231361
1939,1804402963
1940,1148469035
1941,1190403118
1942,489054953
1943,320058935
1944,1430983104
1945,778959006
1946,1522107374
1947,921321709
1948,817618671
1949,571221163
1950,1363588758
1951,404441485
1952,521186107
1953,1015060575
1954,126473888
1955,198335348
1956,1147276057
1957,1283602714
1958,1343834756
1959,242462920
1960,119128846
1961,1456283909
1962,1339570317
1963,485718576
1964,1133237717
1965,980727778
1966,95040151
1967,215161882
1968,1322755682
1969,504478469
1970,95725545
1971,1078308577
1972,2019362381
1973,1487316333
1974,1434727317
1975,1057921179
1976,1952432720
1977,635094241
1978,1589031627
1979,1332404462
1980,1002532780
1981,1841316402
1982,896659293
1983,1329165580
1984,1011853003
1985,374105001
1986,1891039470
1987,1105334396
1988,975170921
1989,1715594321
1990,1493233194
1991,1076661482
1992,958261590
1993,1865780872
1994,950155986
1995,349106694
1996,472177333
1997,2107701911
1998,1837112290
1999,1645014422
2000,1831916031
2001,850712745
2002,547905994
2003,1480251715
2004,453696122
2005,1299788461
2006,384803115
2007,373335517
2008,790351478
2009,648328116
2010,1819472628
2011,413679814
2012,422222253
2013,475059779
2014,1192421290
2015,147097922
2016,1736879717
2017,1622384175
2018,1370762027
2019,498149219
2020,2137934229
2021,95983217
2022,41457265
2023,923464049
2024,1834253307
2025,976592762
2026,930530359
2027,532013286
2028,966746720
2029,1682613184
2030,2131148143
2031,57562418
2032,33914206
2033,1172658244
2034,1942360819
2035,2138150377
2036,1619016179
2037,312697874
2038,998836443
2039,1072193220
2040,1843100832
2041,255569602
2042,1094870133
2043,124420322
2044,890403226
2045,884140569
2046,837090209
2047,1845509157
2048,296960769
2049,1179745336
2050,73793474
2051,1013824682
2052,1017885035
2053,951601514
2054,1295447452
2055,1345742857
2056,1985066179
2057,505927255
2058,2100656261
2059,17179288
2060,1276734132
2061,90562143
2062,915317015
2063,1918395203
2064,1847231261
2065,172493873
2066,456607069
2067,736743031
2068,1824728300
2069,1135053036
2070,298077099
2071,148352836
2072,1658530717
2073,796552113
2074,1212107662
2075,861508224
2076,1532431233
2077,2107425244
2078,1821784158
2079,1816498765
2080,1459899943
2081,1949602156
2082,1980830888
2083,695854454
2084,1791792201
2085,1241452950
2086,14585414
2087,865247832
2088,97972484
2089,1907995744
2090,1258738361
2091,242028591
2092,1577919170
2093,1646399267
2094,1364013711
2095,1981136981
2096,2044630934
2097,1591212987
2098,1110537245
2099,1084712671
2100,1056958501
2101,783446664
2102,1824239139
2103,1491104749
2104,1114974662
2105,342434816
2106,1941121149
2107,324804318
2108,709064698
2109,1800418108
2110,1611432750
2111,733630292
2112,855608749
2113,868329247
2114,1192112628
2115,634581480
2116,1416049650
2117,788424134
2118,1014423054
2119,149158305
2120,517901205
2121,1046112659
2122,1826196160
2123,1676490572
2124,1386485873
2125,1675353654
2126,1082160191
2127,1890984169
2128,2088538965
2129,137194686
2130,1265359835
2131,779388268
2132,1322698102
2133,1101409135
2134,1558070209
2135,1428564223
2136,117089151
2137,934855826
2138,249666154
2139,1948358717
2140,1405200387
2141,2110617850
2142,1845922217
2143,1877099707
2144,1825690347
2145,1154959539
2146,149266473
2147,1108204508
2148,2036615654
2149,636126001
2150,1405613492
2151,792776947
2152,1073496888
2153,94396965
2154,954356784
2155,851002965
2156,244282470
2157,2076952555
2158,1696383291
2159,648857820
2160,941127925
2161,2078419988
2162,1367563373
2163,374890911
2164,325886370
2165,988474618
2166,854985991
2167,963459038
2168,2064632067
2169,1286037279
2170,855109768
2171,2042597737
2172,312134381
2173,971017351
2174,1059756977
2175,1581703578
2176,1496404466
2177,761465079
2178,452567396
2179,892598665
2180,1793674965
2181,1425074205
2182,697502230
2183,2044482562
2184,526468296
2185,490674864
2186,459672575
2187,61763575
2188,124729660
2189,891567753
2190,432025991
2191,255898618
2192,1569658769
2193,363539860
2194,1764730874
2195,43976268
2196,1611607808
2197,1156012538
2198,589240232
2199,1668883056
2200,318673693
2201,1245353517
2202,459677492
2203,2087947454
2204,1770469734
2205,718888958
2206,1736766178
2207,980218672
2208,910660026
2209,693918159
2210,1971621915
2211,143148636
2212,1111020085
2213,1840729710
2214,973637894
2215,718542753
2216,1202753510
2217,1602776614
2218,469448585
2219,1762657020
2220,1864102977
2221,1023337327
2222,843606774
2223,1479334894
2224,1180541815
2225,982323565
2226,1254164758
2227,1049868401
2228,2093082812
2229,1212552195
2230,417287495
2231,166941903
2232,1756004314
2233,1993439045
2234,1998074208
2235,1465357214
2236,1559455564
2237,902486517
2238,1483703743
2239,133876473
2240,218846496
2241,935354269
2242,1766880276
2243,807995120
2244,305113384
2245,321014737
2246,1495846555
2247,1714136709
2248,1088763955
2249,990897740
2250,496018014
2251,1651051490
2252,134805145
2253,816469755
2254,1008103172
2255,1409700259
2256,1351580377
2257,1723604342
2258,2081574041
2259,1164030675
2260,1525266711
2261,1497749019
2262,1182635507
2263,780818238
2264,1721497930
2265,211894240
2266,185883099
2267,313908684
2268,1576852376
2269,964159733
2270,812814992
2271,1399615975
2272,764424730
2273,1811980583
2274,91292878
2275,132694852
2276,1484785614
2277,608921910
2278,1412054990
2279,1199163136
2280,1777602286
2281,1234875544
2282,1398080082
2283,1410638817
2284,945370354
2285,1628742002
2286,1912228504
2287,886608367
2288,1162309871
2289,1344520774
2290,1181653457
2291,828506316
2292,776883516
2293,1641615594
2294,364173803
2295,1213030815
2296,527872609
2297,280653536
2298,1676159605
2299,2029134316
2300,212521788
2301,1726101513
2302,23039343
2303,1201459291
2304,1983863125
2305,377534074
2306,1823281227
2307,1206692453
2308,1940899008
2309,2080130979
2310,741797587
2311,584989011
2312,461067319
2313,882511370
2314,212948876
2315,2045426016
2316,1681255359
2317,851482919
2318,1403764998
2319,83510952
2320,888929899
2321,303002333
2322,40741278
2323,1811387110
2324,1521043693
2325,1364991352
2326,221094449
2327,290884439
2328,616437542
2329,284856097
2330,1298782085
2331,1949359522
2332,238854373
2333,558827146
2334,849891781
2335,71836932
2336,1600608870
2337,1614426373
2338,1816851457
2339,1688046021
2340,823028947
2341,1859678054
2342,271397325
2343,1643554263
2344,1953031218
2345,193014827
2346,1521657485
2347,1198530816
2348,1416761721
2349,1049197711
2350,1498548190
2351,1666816428
2352,1933019754
2353,330934468
2354,1035986584
2355,1797711849
2356,866994119
2357,187619766
2358,491252700
2359,634521571
2360,1157147473
2361,843601668
2362,1270572168
2363,329472570
2364,1603899165
2365,1051989419
2366,376460809
2367,1803301046
2368,987965468
2369,1016566228
2370,1423489930
2371,373639441
2372,1514490758
2373,513887011
2374,2052582459
2375,1734621893
2376,796079153
2377,365559125
2378,97516119
2379,1463174531
2380,1297462771
2381,1701988669
2382,42097576
2383,1070602087
2384,164504751
2385,469714678
2386,1308844114
2387,263674009
2388,2134211599
2389,1204316966
2390,1290215520
2391,23609818
2392,929980554
2393,1952742805
2394,1056230691
2395,273843135
2396,700015215
2397,2084265311
2398,434388649
2399,1894138747
2400,397018461
2401,880846074
2402,1361713126
2403,1166280983
2404,174651382
2405,1273089960
2406,423488499
2407,93405557
2408,32901948
2409,1022399275
2410,947393436
2411,131263051
2412,1348386266
2413,1442996840
2414,2100258211
2415,524938934
2416,618223800
2417,1721045675
2418,1000264225
2419,290178501
2420,1941278393
2421,1323438190
2422,780922956
2423,1569277501
2424,1955902051
2425,1657733342
2426,2140534222
2427,176615884
2428,2019528701
2429,1361052289
2430,317842525
2431,1166902106
2432,1775168287
2433,1483622720
2434,26730023
2435,104934077
2436,854595228
2437,248958964
2438,2042959272
2439,1026394398
2440,1485415706
2441,554023986
2442,1018086782
2443,1607214268
2444,138840088
2445,1180998503
2446,819776929
2447,245115929
2448,1129092861
2449,1638791218
2450,1905078560
2451,479105
2452,218899645
2453,170254418
2454,659027233
2455,165904082
2456,90646533
2457,77387412
2458,1997742285
2459,1118939134
2460,254126129
2461,927948956
2462,66120296
2463,1470630849
2464,933338983
2465,1035531873
2466,1360144593
2467,506677828
2468,50193270
2469,1886847907
2470,346294275
2471,183971712
2472,1928125922
2473,341148979
2474,826081125
2475,1852713851
2476,1545460481
2477,1107172020
2478,1782640350
2479,1195535853
2480,462361958
2481,923553533
2482,1155938013
2483,418253787
2484,1357279203
2485,2006611552
2486,1087344902
2487,1231626703
2488,1959974863
2489,731232201
2490,1130833082
2491,1425704027
2492,556829988
2493,1731035494
2494,1532389483
2495,800329880
2496,1502032758
2497,599124026
2498,1041086158
2499,1925465357
2500,1031404295
2501,1241980627
2502,2058371354
2503,2015015865
2504,1505073072
2505,381756066
2506,695313787
2507,751360834
2508,2046214744
2509,1960894290
2510,1272265237
2511,1243465274
2512,1423391027
2513,176428084
2514,299336394
2515,1297621252
2516,1621165937
2517,846478907
2518,470258808
2519,1113581614
2520,833955658
2521,1696395598
2522,1536600608
2523,2066283716
2524,2002371753
2525,872803266
2526,827109772
2527,1827373098
2528,382374936
2529,1821257440
2530,2099728069
2531,700934322
2532,2088128539
2533,2062372349
2534,698068896
2535,1697086539
2536,2077990159
2537,1493820471
2538,1727950282
2539,1573659230
2540,1130822367
2541,1113996080
2542,1485433523
2543,1460743780
2544,340148077
2545,1693475814
2546,654598192
2547,496283178
2548,1585933967
2549,390763838
2550,584870434
2551,1932383035
2552,2141208100
2553,927805505
2554,2070887863
2555,236062582
2556,208563106
2557,2010086637
2558,1703246317
2559,2042832392
2560,506789109
2561,746682631
2562,554143520
2563,884084316
2564,1358000368
2565,1187589214
2566,1482813427
2567,1944553543
2568,1520068300
2569,1997892507
2570,899734247
2571,487611715
2572,674572993
2573,427518563
2574,702693246
2575,1289443673
2576,1004550944
2577,688928491
2578,754649855
2579,317864128
2580,1864347875
2581,498295976
2582,677050455
2583,937878554
2584,1813360652
2585,1865116902
2586,945446040
2587,819926586
2588,313393896
2589,1617262401
2590,597107121
2591,2015389953
2592,821811195
2593,961413166
2594,1151093260
2595,2063181359
2596,1035550027
2597,145365743
2598,1319269620
2599,2037770912
2600,1413872903
2601,368367088
2602,1271285764
2603,33288681
2604,74257410
2605,1775617308
2606,1659854307
2607,1175406851
2608,1933116112
2609,230103297
2610,962808746
2611,1914446888
2612,1146437279
2613,2081868817
2614,33763594
2615,2059014994
2616,1628525523
2617,1857818862
2618,1781424685
2619,95435885
2620,1690857776
2621,1472400640
2622,1963465302
2623,1564231169
2624,6030988
2625,296553729
2626,583953430
2627,1502266909
2628,1082654750
2629,719966542
2630,1606246100
2631,1033876416
2632,317948037
2633,1426030529
2634,1161076846
2635,355309666
2636,97059084
2637,1569239007
2638,422472315
2639,1526908578
2640,1667998281
2641,1246768693
2642,1586257335
2643,1432918247
2644,765316114
2645,1605192389
2646,1798748695
2647,1898532316
2648,93936203
2649,2080913773
2650,1405055792
2651,1933164476
2652,1389855906
2653,391206597
2654,152190292
2655,160362063
2656,1189769000
2657,207944025
2658,1420835504
2659,1432523796
2660,1549045365
2661,907539158
2662,488887613
2663,1142218211
2664,311019165
2665,2097449012
2666,241621877
2667,321518150
2668,364302973
2669,1849117395
2670,1458444230
2671,1160196013
2672,64097394
2673,993816979
2674,1736089852
2675,12503978
2676,798747663
2677,2019232959
2678,1044717337
2679,546832943
2680,2002967180
2681,1206349019
2682,1747688468
2683,1320731835
2684,1967453124
2685,24005148
2686,1820167461
2687,1854506710
2688,1965554241
2689,453820510
2690,491231922
2691,500552722
2692,841086549
2693,722871083
2694,1737267302
2695,266712321
2696,544061503
2697,558090880
2698,1212150886
2699,1593423614
2700,1488853103
2701,1518992747
2702,1854798638
2703,1743507389
2704,803983555
2705,1580539025
2706,1816241668
2707,2029654629
2708,576367730
2709,398530735
2710,1251371981
2711,269102244
2712,1834658379
2713,1702073591
2714,1206257030
2715,1818759980
2716,883396226
2717,1419621355
2718,1477100953
2719,1219214747
2720,189380631
2721,12739062
2722,1051914582
2723,394312166
2724,1303324487
2725,1360525209
2726,1771157595
2727,898745464
2728,160996385
2729,1964237263
2730,1480320654
2731,299587912
2732,2007919647
2733,1156404763
2734,2026074631
2735,1679843686
2736,837232682
2737,952157318
2738,241097450
2739,1221143996
2740,1154495544
2741,2059515406
2742,1647032935
2743,897802747
2744,1768974926
2745,362281479
2746,1093250310
2747,663809184
2748,1818073476
2749,73765442
2750,751569573
2751,1798587936
2752,1556218696
2753,1355886923
2754,1552567701
2755,85892358
2756,468835797
2757,1657094170
2758,1999063672
2759,162664846
2760,1681682712
2761,1268217343
2762,916779297
2763,1631882255
2764,1250223938
2765,874058738
2766,1146230738
2767,1938255918
2768,2024944558
2769,1681466406
2770,1881749462
2771,676093678
2772,623850328
2773,603397743
2774,411770493
2775,903525315
2776,2122721397
2777,1237743018
2778,1419582572
2779,703845573
2780,1835964846
2781,528003340
2782,566387376
2783,792585269
2784,1085175291
2785,68418563
2786,1307270910
2787,1879584618
2788,62247388
2789,1149028839
2790,1982076615
2791,1165922659
2792,1676307396
2793,1695610887
2794,1551882830
2795,447852007
2796,389401014
2797,1260980464
2798,512402819
2799,492993943
2800,503922673
2801,1596166668
2802,1413368729
2803,1845743461
2804,513335410
2805,1391596745
2806,671064775
2807,1503712950
2808,1650348107
2809,868494218
2810,1778744571
2811,1691096469
2812,1451583732
2813,1756920407
2814,1052349303
2815,639991781
2816,698319876
2817,667168091
2818,1361630817
2819,1837087362
2820,150234133
2821,2105461654
2822,763573046
2823,1458999321
2824,895419134
2825,1982795034
2826,1739854724
2827,1088325160
2828,1622358955
2829,981393563
2830,1770228106
2831,542737780
2832,985700119
2833,1757499719
2834,860661456
2835,589760209
2836,1724060534
2837,658296448
2838,549432700
2839,556119643
2840,1210352695
2841,1991551751
2842,697409376
2843,77730972
2844,324163699
2845,1349573075
2846,684784499
2847,1192803009
2848,1665213774
2849,1646162394
2850,118825708
2851,1986547453
2852,1235381598
2853,826173124
2854,25303908
2855,1964662801
2856,1388747857
2857,1186172885
2858,424583552
2859,1025352058
2860,434356878
2861,990520596
2862,469014929
2863,232916703
2864,221159770
2865,1799356978
2866,1003078135
2867,1814812236
2868,2012627748
2869,186700783
2870,1940574801
2871,1577414832
2872,1290761781
2873,849148058
2874,1989554471
2875,612871252
2876,2133209876
2877,963177747
2878,160446103
2879,1432592951
2880,416812312
2881,2133063509
2882,444944294
2883,1284273896
2884,2095826317
2885,1237599461
2886,707707695
2887,1085141527
2888,1787078452
2889,125639358
2890,962628222
2891,1621868232
2892,1404107878
2893,1828178992
2894,366887704
2895,1078443733
2896,1078465284
2897,1841726247
2898,1716733673
2899,1239410615
2900,865056272
2901,202954438
2902,238762704
2903,1514506904
2904,1947515155
2905,948112274
2906,35887780
2907,2074495871
2908,175492984
2909,2111846504
2910,1846045483
2911,2029387859
2912,427237986
2913,693130394
2914,213238598
2915,1986728694
2916,1587570888
2917,1375084576
2918,2043132696
2919,1629527927
2920,74271943
2921,120583389
2922,678422729
2923,1844743388
2924,2137235797
2925,1199771347
2926,918966526
2927,2120699692
2928,1780603816
2929,1090497310
2930,434179095
2931,1448240902
2932,971820161
2933,1742797324
2934,697131634
2935,939453096
2936,182441528
2937,2055567998
2938,903338359
2939,2048886642
2940,1032342789
2941,1869630059
2942,231118744
2943,1483348192
2944,1579169493
2945,2074135183
2946,1425238465
2947,1313331954
2948,280324752
2949,19796997
2950,535560741
2951,313308455
2952,2139985789
2953,112008125
2954,1856259302
2955,1912809223
2956,1074878186
2957,1801476544
2958,1961850005
2959,1902718793
2960,1463250475
2961,2035677402
2962,1407866999
2963,1826882445
2964,534859969
2965,14915228
2966,1874498393
2967,1952570651
2968,1911706642
2969,1738293480
2970,1442827779
2971,778817579
2972,718770632
2973,295418591
2974,644462785
2975,305950002
2976,2031849356
2977,1853232216
2978,153737047
2979,1317526389
2980,628094137
2981,1275354744
2982,1286427893
2983,2109971802
2984,1217487733
2985,1289497133
2986,904666221
2987,1309920082
2988,1760350881
2989,1801168255
2990,704594243
2991,1964875211
2992,1305615673
2993,1637738831
2994,740119620
2995,1958052733
2996,1648767489
2997,1688050778
2998,1652488175
2999,903792658
3000,1792292314
3001,669447088
3002,1487858856
3003,1806031436
3004,1960599038
3005,2115819221
3006,544488583
3007,1929184133
3008,1600791350
3009,172271444
3010,238575000
3011,255099177
3012,705077425
3013,1168217928
3014,898203289
3015,278490486
3016,958665878
3017,250790904
3018,537107027
3019,660606009
3020,787895541
3021,118691516
3022,578729931
3023,5222617
3024,2054414368
3025,97528037
3026,1195725503
3027,963740656
3028,80380108
3029,1222030848
3030,1820629261
3031,1025208474
3032,1713005979
3033,1273984174
3034,1848255688
3035,610866326
3036,1978518045
3037,531025972
3038,1812414323
3039,1386241997
3040,401931777
3041,27934100
3042,65210270
3043,1191790518
3044,1422936768
3045,1560888587
3046,437902251
3047,261090233
3048,1172736868
3049,827800670
3050,1056472405
3051,1771910073
3052,372342907
3053,1942779433
3054,910535575
3055,1996775258
3056,1422839055
3057,1446252919
3058,865550928
3059,962705457
3060,1133516237
3061,97203329
3062,134172160
3063,1109898264
3064,1629233506
3065,1837188056
3066,1725529954
3067,1987915428
3068,1213414921
3069,1150336853
3070,1927248012
3071,1712738394
3072,1105198553
3073,241998309
3074,1706493597
3075,28280147
3076,466455633
3077,29940670
3078,1776563070
3079,1195965807
3080,1126021381
3081,604086180
3082,667078378
3083,1883049143
3084,1735403288
3085,1762691977
3086,1223599548
3087,1484870522
3088,1999824431
3089,1341791159
3090,1066248602
3091,545657661
3092,1574910796
3093,2094324017
3094,588587860
3095,2039308004
3096,1159554877
3097,1317921877
3098,1369676184
3099,1403663664
3100,263560401
3101,1135191581
3102,607972683
3103,884669763
3104,1412814693
3105,2117393498
3106,1168948548
3107,477498982
3108,663928495
3109,1549698204
3110,986303604
3111,393843103
3112,1259370389
3113,1245892854
3114,886003712
3115,1277541903
3116,1165951391
3117,1086476130
3118,738170211
3119,1161865365
3120,1869015666
3121,2135467756
3122,1389452120
3123,399184182
3124,578523466
3125,313131329
3126,1414664601
3127,1138383022
3128,646600119
3129,315046660
3130,927393032
3131,764855583
3132,1272341297
3133,1681938040
3134,1195184616
3135,2100114641
3136,884626361
3137,460236527
3138,1367629313
3139,2049813160
3140,1989789896
3141,2061367474
3142,1092377483
3143,2097411567
3144,2095548082
3145,893533990
3146,1004073026
3147,1979745227
3148,310188559
3149,1826330776
3150,1043000847
3151,1353683732
3152,2031950799
3153,468447297
3154,1185426312
3155,858033489
3156,1394245727
3157,975073014
3158,723222944
3159,1272552859
3160,986415775
3161,392324235
3162,1098377948
3163,9220466
3164,705732654
3165,1645475121
3166,923326825
3167,492805595
3168,703943691
3169,26039805
3170,1000411951
3171,971996853
3172,439782555
3173,388090976
3174,1072254269
3175,1447759531
3176,2100284542
3177,1088553897
3178,275202574
3179,796965914
3180,601476143
3181,910418542
3182,1147294769
3183,1449479894
3184,891519964
3185,445320919
3186,973638973
3187,1530213090
3188,84805006
3189,668829364
3190,1733149139
3191,297005838
3192,599724716
3193,1052170084
3194,980026569
3195,1227617382
3196,146183472
3197,1436401683
3198,1011953020
3199,809961783
3200,2114123156
3201,1045747133
3202,1346727092
3203,1804642311
3204,506064124
3205,463468228
3206,1455367457
3207,1812384762
3208,515879387
3209,1795506667
3210,2067031945
3211,583234562
3212,2000406449
3213,1187081350
3214,1210518023
3215,1557525395
3216,931724162
3217,1109180902
3218,1276054376
3219,1656191402
3220,1358481398
3221,1635016962
3222,1436446850
3223,1382220885
3224,2022488459
3225,1660052390
3226,649497898
3227,882693637
3228,736185342
3229,1527199845
3230,1004211721
3231,265858500
3232,533254207
3233,460859292
3234,718163981
3235,1245316771
3236,868248965
3237,2031989132
3238,428126626
3239,729377627
3240,879913695
3241,875871435
3242,79707791
3243,1991416400
3244,1922384777
3245,490729120
3246,905230425
3247,1713902834
3248,119464011
3249,1582456471
3250,1283767672
3251,781911349
3252,1965782601
3253,1348594301
3254,1250626166
3255,1229783888
3256,1837199534
3257,448016517
3258,1783845352
3259,1530107317
3260,727398431
3261,553021491
3262,475990504
3263,372200197
3264,90156542
3265,804014732
3266,1856389186
3267,2021682243
3268,670698606
3269,262410280
3270,1269391194
3271,2112192662
3272,633959943
3273,57799720
3274,111752757
3275,2066162825
3276,1796496596
3277,681438666
3278,559109471
3279,36839600
3280,365311320
3281,1664418680
3282,1272480086
3283,594761273
3284,686010044
3285,851582411
3286,692867716
3287,52195314
3288,114086109
3289,863243140
3290,433240144
3291,843814094
3292,816323862
3293,519196003
3294,412857016
3295,1183046778
3296,571716264
3297,1226114796
3298,35486885
3299,1716964093
3300,1895369535
3301,793010569
3302,1948974411
3303,1292562831
3304,1305351792
3305,1241568451
3306,38283035
3307,1427622193
3308,817504295
3309,105769007
3310,1758010932
3311,358675821
3312,723196545
3313,1172286864
3314,375072892
3315,998493391
3316,544526721
3317,976810519
3318,2136337227
3319,1733315264
3320,34220343
3321,925105782
3322,1012750503
3323,785208819
3324,359741927
3325,1089834674
3326,1912670180
3327,1336428546
3328,1477810863
3329,49582184
3330,866085403
3331,1049436575
3332,505328446
3333,386647285
3334,1405974581
3335,860674028
3336,872494445
3337,783185497
3338,836154442
3339,1345457341
3340,1821670693
3341,1145409051
3342,1123714426
3343,1261536719
3344,1737109680
3345,1420934305
3346,1947120014
3347,121240099
3348,1458207051
3349,2094866939
3350,144300939
3351,1997515973
3352,1902591672
3353,937480037
3354,1593102178
3355,53681559
3356,1896011547
3357,396339950
3358,895505699
3359,1756833326
3360,1022580034
3361,1640471455
3362,908039798
3363,6370536
3364,1431664977
3365,932039941
3366,1886438454
3367,341640759
3368,1050412794
3369,1387072782
3370,900613878
3371,1981128211
3372,902069087
3373,1764945736
3374,1150283134
3375,792470119
3376,1344139069
3377,1128866056
3378,913711251
3379,407182911
3380,1040037048
3381,1494239904
3382,315285397
3383,1529526263
3384,1218911782
3385,243602108
3386,553131051
3387,1126744925
3388,703401472
3389,1040169240
3390,1744341469
3391,1417258802
3392,622319341
3393,1163554994
3394,76476335
3395,1373967549
3396,653743634
3397,87283144
3398,1057048461
3399,442863876
3400,589133656
3401,1978034726
3402,2022440377
3403,1197137371
3404,1125499843
3405,69243532
3406,1270077255
3407,541433083
3408,1218815185
3409,1997162383
3410,1462660392
3411,604934192
3412,1406676380
3413,150619119
3414,895221486
3415,696809636
3416,274896268
3417,445082490
3418,1162677
3419,384227690
3420,103707795
3421,491327113
3422,913251603
3423,2089168652
3424,1148158939
3425,779798702
3426,419288569
3427,1502153036
3428,938487296
3429,911845979
3430,1315814403
3431,966910340
3432,1315115949
3433,497722536
3434,2057082416
3435,1438757043
3436,982011178
3437,1494557765
3438,1652312264
3439,1598627866
3440,1475273820
3441,798684053
3442,929401164
3443,399101839
3444,1763515309
3445,1914228874
3446,1738347407
3447,1611827056
3448,337672928
3449,654266400
3450,971322148
3451,19369487
3452,209456775
3453,718905543
3454,769553847
3455,922089627
3456,772038036
3457,1741049549
3458,615769252
3459,1176781812
3460,2063917350
3461,1829201889
3462,1273006786
3463,161245127
3464,745519182
3465,1632986761
3466,1504961783
3467,1040605322
3468,1838137946
3469,249560973
3470,1851057537
3471,124616268
3472,340362197
3473,1222626442
3474,1988351863
3475,1543866020
3476,1927701774
3477,2062218714
3478,183116035
3479,1120801978
3480,1497260865
3481,1985294428
3482,1280884291
3483,1122366857
3484,415060042
3485,489825579
3486,857143615
3487,282196942
3488,1210967520
3489,1885306486
3490,235418701
3491,977991373
3492,1786701928
3493,2078784946
3494,148726912
3495,919529914
3496,337024236
3497,435967109
3498,1118644554
3499,1681210662
3500,1232586412
3501,728723059
3502,823400794
3503,856869810
3504,1906328291
3505,383185469
3506,322274603
3507,1016075525
3508,1946750451
3509,1824007195
3510,455316463
3511,2146429611
3512,1847546084
3513,1808148944
3514,1326722239
3515,1821481881
3516,1978897163
3517,319110350
3518,418990924
3519,1904269572
3520,822821909
3521,722078416
3522,502298128
3523,871470118
3524,720896462
3525,2057874520
3526,645286452
3527,397359483
3528,2023489918
3529,266303218
3530,842941242
3531,497386973
3532,431407825
3533,1349815117
3534,902334904
3535,669612274
3536,49344411
3537,196512914
3538,1559092834
3539,958051707
3540,1406406326
3541,128384757
3542,139358280
3543,1817763608
3544,1938706732
3545,686947218
3546,2026417035
3547,1122623882
3548,418673176
3549,692590804
3550,180997272
3551,1751521443
3552,21182586
3553,1316164052
3554,1861562628
3555,619370106
3556,889429600
3557,1408882364
3558,46786171
3559,1967574713
3560,171408845
3561,1969651785
3562,412899868
3563,548352170
3564,1615599426
3565,384694538
3566,897290971
3567,1073394090
3568,532258260
3569,588570384
3570,568981222
3571,1464219536
3572,596668274
3573,156355645
3574,95501685
3575,592078227
3576,1428744094
3577,868591465
3578,1157094635
3579,701172063
3580,1134213337
3581,1168090152
3582,1600544595
3583,1499973260
3584,1516849243
3585,1573297810
3586,1685633932
3587,1008005706
3588,441850467
3589,2089960629
3590,732533959
3591,2081364192
3592,1329260031
3593,251093525
3594,474530743
3595,1940499823
3596,607624741
3597,1506891703
3598,117936111
3599,1157805820
3600,1795097874
3601,418875935
3602,2145510459
3603,508772663
3604,120347493
3605,177506656
3606,1207483272
3607,506994478
3608,225210251
3609,1596688907
3610,320699085
3611,1532280172
3612,1890881429
3613,728264016
3614,1401258121
3615,1374002015
3616,1567396248
3617,2117025143
3618,1376170961
3619,65556297
3620,1687627247
3621,1288884030
3622,1456207491
3623,1570156784
3624,415251196
3625,1202337690
3626,1814343222
3627,2016955392
3628,995123555
3629,995589770
3630,1781347905
3631,1953297085
3632,995932885
3633,1137673687
3634,1079816111
3635,1585712884
3636,1218977492
3637,1572354141
3638,1063471251
3639,1764638172
3640,1720936521
3641,1852755517
3642,1648501823
3643,1927732991
3644,821910716
3645,1904650552
3646,1470606269
3647,1170545460
3648,576627128
3649,1049459171
3650,1200023179
3651,165245754
3652,1518210787
3653,1880393145
3654,2129318749
3655,1084003558
3656,361080031
3657,763163754
3658,1546952011
3659,688676619
3660,591009128
3661,1870228766
3662,87162452
3663,1605589031
3664,1640933296
3665,344557985
3666,394693736
3667,1850902681
3668,1098720914
3669,998433220
3670,1342645597
3671,112125415
3672,1210974914
3673,74639957
3674,1710747442
3675,290771777
3676,165748167
3677,27615422
3678,1813515981
3679,834762072
3680,1795972119
3681,616812990
3682,1015826023
3683,1077486401
3684,354150909
3685,1164406678
3686,1119803529
3687,1568237443
3688,1252927860
3689,1634396002
3690,1735264390
3691,1593657365
3692,1418320913
3693,990872503
3694,742825613
3695,1650979418
3696,1349088031
3697,1358848614
3698,725869935
3699,1234622609
3700,1489460276
3701,185477526
3702,2054043186
3703,217831684
3704,753881010
3705,1604254158
3706,1750668646
3707,1088533831
3708,1566119414
3709,389420337
3710,418820233
3711,1736595531
3712,645438391
3713,167452442
3714,1195533368
3715,1574205215
3716,230253697
3717,992572320
3718,506039499
3719,916192295
3720,676468614
3721,625047523
3722,596569672
3723,579619299
3724,1495602207
3725,327523693
3726,81360795
3727,1044456783
3728,1037713734
3729,257967912
3730,1040613255
3731,456794604
3732,1859037784
3733,1843038575
3734,1685514461
3735,48878831
3736,1477441095
3737,500610241
3738,1979571832
3739,1457317961
3740,1940586897
3741,944210929
3742,683278188
3743,370731770
3744,282971653
3745,794217851
3746,1568772835
3747,47553931
3748,396095499
3749,178881010
3750,1751534376
3751,370189976
3752,2067644972
3753,969297499
3754,1338073476
3755,1232200716
3756,1267873889
3757,78064156
3758,1469888451
3759,243486631
3760,1275134665
3761,2140152468
3762,901572887
3763,1750711558
3764,661113339
3765,1665235618
3766,1676472603
3767,1782417236
3768,335143717
3769,247379379
3770,1017407164
3771,2144703711
3772,1852461127
3773,795511231
3774,1913719966
3775,529977120
3776,1915935734
3777,1624792790
3778,1067070188
3779,985815975
3780,1600681943
3781,803883715
3782,1767144152
3783,164374875
3784,1019500941
3785,512755639
3786,783197995
3787,1275125769
3788,328668998
3789,1605503760
3790,469727224
3791,1853817771
3792,1875870162
3793,571514779
3794,2100975226
3795,894821043
3796,1331793233
3797,1828849933
3798,429794650
3799,562176480
3800,1331692665
3801,877330180
3802,1027785732
3803,1613708656
3804,664644832
3805,139494946
3806,802958252
3807,810972995
3808,1446235758
3809,985977988
3810,123926898
3811,1626261848
3812,78281098
3813,157088913
3814,987542451
3815,175065292
3816,218779394
3817,1169003790
3818,920818558
3819,314313782
3820,728916765
3821,670332087
3822,169748440
3823,1672950702
3824,1444765319
3825,126480327
3826,238396280
3827,1044235551
3828,1265006486
3829,868052278
3830,1316587734
3831,1537392973
3832,1505473224
3833,1077463242
3834,281280384
3835,1187916895
3836,1023160980
3837,1810967175
3838,850817367
3839,1255452945
3840,763485247
3841,26462283
3842,229130089
3843,1393237570
3844,1258567189
3845,1557178311
3846,1546850836
3847,393181285
3848,805336634
3849,1995984874
3850,229994377
3851,68823098
3852,1285955626
3853,1462176693
3854,342404830
3855,579377784
3856,918003095
3857,1094619908
3858,718172384
3859,1728758549
3860,1973418533
3861,590339754
3862,812382981
3863,526709161
3864,1095333416
3865,996391051
3866,1725485963
3867,559213138
3868,1296744287
3869,1516211466
3870,2124843048
3871,182532975
3872,264967214
3873,1100252936
3874,1162963100
3875,1784375176
3876,2086738927
3877,248726031
3878,1010349097
3879,977443256
3880,1046288005
3881,1443150838
3882,721082807
3883,513784882
3884,78364094
3885,2035782826
3886,1741790767
3887,1237307404
3888,535851486
3889,1489894223
3890,1903870549
3891,2081058687
3892,1757842068
3893,1968637038
3894,1360422448
3895,783538109
3896,269481595
3897,147661472
3898,618251195
3899,181886367
3900,1006920589
3901,1529561642
3902,332461904
3903,856850183
3904,532854267
3905,1216739459
3906,1836318850
3907,1662220822
3908,1352567679
3909,647002691
3910,1442903387
3911,902676879
3912,408036096
3913,713389816
3914,1492538489
3915,2126850245
3916,1702548204
3917,889316864
3918,1147866160
3919,1597753038
3920,2029420993
3921,1551229062
3922,1120976536
3923,160243671
3924,426222998
3925,50152173
3926,961750661
3927,1746405029
3928,226014208
3929,954539005
3930,127970899
3931,1038122868
3932,491811324
3933,775792834
3934,1388407003
3935,152717757
3936,1001285070
3937,845174421
3938,386418992
3939,116787590
3940,1114212995
3941,1030618114
3942,1241896014
3943,650152052
3944,2012973191
3945,1621047358
3946,656050534
3947,773481105
3948,1900853134
3949,1853475594
3950,1918775302
3951,307986402
3952,2033670550
3953,1266605448
3954,445685226
3955,710157979
3956,1328810313
3957,753874824
3958,1035186339
3959,1870089659
3960,459700779
3961,986172666
3962,380108224
3963,984864544
3964,1639232387
3965,2075103861
3966,1921848415
3967,2031384698
3968,1712430421
3969,697757274
3970,882810187
3971,2102741608
3972,334166983
3973,215634009
3974,1917423611
3975,385583740
3976,2096401377
3977,872598220
3978,668731051
3979,1881761465
3980,1703996997
3981,1858363951
3982,377183642
3983,849244000
3984,1186093893
3985,228364827
3986,351189169
3987,1132050012
3988,284758736
3989,892230289
3990,58758031
3991,1772332137
3992,554199434
3993,670759360
3994,1410748359
3995,1294455602
3996,1542822250
3997,996491507
3998,1936162574
3999,673037825
4000,1839480874
4001,1927079657
4002,275172489
4003,286667804
4004,902908453
4005,842524784
4006,1491510059
4007,763233785
4008,1767257700
4009,632124935
4010,1435828263
4011,151150139
4012,1142802085
4013,1086134698
4014,399767945
4015,2048095458
4016,1164384804
4017,496533302
4018,382716150
4019,2113608563
4020,284233453
4021,1483725043
4022,1406696896
4023,1846279708
4024,1016981085
4025,976872453
4026,1986187925
4027,337914964
4028,683189429
4029,2049601753
4030,1907573946
4031,592994990
4032,897643835
4033,310471598
4034,204030177
4035,1277060431
4036,1861032738
4037,391138435
4038,1784204004
4039,1527098567
4040,1406473638
4041,853430095
4042,1686864569
4043,1773291457
4044,2122794779
4045,206465162
4046,1932743321
4047,1973914989
4048,765936401
4049,1121987865
4050,1461782815
4051,697686952
4052,1390631414
4053,1585335979
4054,1980129343
4055,1412946022
4056,791662953
4057,245340573
4058,1603089600
4059,436044318
4060,793065306
4061,1487136220
4062,82555098
4063,330404344
4064,270772854
4065,338860555
4066,890570839
4067,1237861796
4068,2129252166
4069,836832274
4070,1547929085
4071,2019365659
4072,1788614925
4073,1651617493
4074,164154329
4075,1163120560
4076,1992566089
4077,996368405
4078,940966344
4079,1470006646
4080,1936922736
4081,2105784904
4082,1738579014
4083,29077202
4084,960104691
4085,1594346425
4086,1974497177
4087,787508138
4088,1020377997
4089,1678743100
4090,1681172374
4091,1615444092
4092,1107411501
4093,1484886509
4094,934683289
4095,1941542456
4096,279364732
4097,1463000709
4098,1527367438
4099,1457349250
4100,892740968
4101,399209133
4102,1458249410
4103,1812316193
4104,1361286397
4105,580603446
4106,1332107880
4107,1929967260
4108,689258815
4109,1030315742
4110,1879801581
4111,1185993845
4112,1595241319
4113,1367370608
4114,246679308
4115,1634759136
4116,285008053
4117,653871587
4118,1640101901
4119,507434424
4120,750477760
4121,1407479671
4122,1890378614
4123,1477677158
4124,1600879943
4125,878031881
4126,1899839424
4127,2138012299
4128,50047702
4129,1549805844
4130,541886909
4131,2123049245
4132,281994993
4133,339197959
4134,1021948083
4135,922446805
4136,1319386338
4137,1825491685
4138,650094331
4139,351031848
4140,751930747
4141,1857989470
4142,2018419552
4143,1954716868
4144,1923663946
4145,705148376
4146,1274199588
4147,1051278696
4148,90075973
4149,1876710402
4150,791020664
4151,174029129
4152,1579752825
4153,1159407541
4154,1069209526
4155,306792443
4156,2065821719
4157,2098850317
4158,516327003
4159,371331000
4160,533160843
4161,951764043
4162,513614950
4163,1577405890
4164,760006216
4165,1068370050
4166,1916296960
4167,39267796
4168,740703083
4169,1829137685
4170,1784316023
4171,2034264279
4172,1844193364
4173,596464944
4174,1682680355
4175,212433624
4176,180931888
4177,1808615499
4178,448584948
4179,968998495
4180,20167003
4181,1609813745
4182,161751092
4183,1860003639
4184,560102549
4185,867443510
4186,163507799
4187,1910271440
4188,1091839788
4189,877124167
4190,1907035560
4191,1561923599
4192,659126506
4193,2113666790
4194,1391928920
4195,1157096906
4196,733108538
4197,35441524
4198,662216701
4199,991871610
4200,35793746
4201,1727062628
4202,1758526103
4203,1509938435
4204,185103009
4205,1029176145
4206,1365437451
4207,1849703960
4208,1403531884
4209,1853526761
4210,636292581
4211,780868636
4212,1156621080
4213,1818212274
4214,2128723796
4215,1197773515
4216,961668690
4217,468814698
4218,1252416953
4219,1128771468
4220,495246314
4221,1780053263
4222,512847376
4223,539576897
4224,1207949165
4225,1505129048
4226,1469372547
4227,1620094371
4228,1133969424
4229,391492859
4230,129326141
4231,1459075624
4232,1466124623
4233,407853284
4234,838330826
4235,2097950204
4236,351462606
4237,538903591
4238,1756365348
4239,5374579
4240,714673014
4241,834968777
4242,337211174
4243,717408302
4244,562389616
4245,2094445770
4246,1052339169
4247,1239413486
4248,1525106916
4249,391623467
4250,194817647
4251,422467808
4252,148334232
4253,1238320783
4254,2025749514
4255,1607824062
4256,1143500340
4257,927146089
4258,1087010035
4259,511016176
4260,368333259
4261,535941796
4262,1453743469
4263,1928047659
4264,508742631
4265,1600822311
4266,688097391
4267,550997247
4268,113145777
4269,1055595671
4270,924236148
4271,257704524
4272,1816961910
4273,738303215
4274,1746257050
4275,801906363
4276,397685531
4277,1032434813
4278,289812136
4279,925109990
4280,626046721
4281,1131304974
4282,178860566
4283,1233678768
4284,2083305195
4285,1568870479
4286,924172808
4287,198460243
4288,1717797158
4289,2065900798
4290,367528454
4291,294938154
4292,830938097
4293,925761135
4294,1267705804
4295,910345785
4296,1548552318
4297,1025294349
4298,1080885062
4299,438576149
4300,2026820254
4301,998114100
4302,1749711832
4303,465730451
4304,1935879855
4305,312602957
4306,157979992
4307,1363130569
4308,1501961385
4309,84255756
4310,1498983256
4311,1118493146
4312,410003404
4313,1070743019
4314,355339037
4315,2019145091
4316,187475201
4317,560252213
4318,221137580
4319,1017294966
4320,354258973
4321,1495372076
4322,325529479
4323,307078767
4324,1158422007
4325,647622608
4326,1253520672
4327,1029530695
4328,1778458003
4329,1033906990
4330,545340005
4331,1838134156
4332,1956264900
4333,1362370993
4334,1848416609
4335,1214315869
4336,112348330
4337,375715758
4338,1143038441
4339,386848786
4340,1461761510
4341,483711236
4342,2117539411
4343,1984891863
4344,1200266965
4345,1210645438
4346,1362681576
4347,1305726191
4348,1531573581
4349,375151833
4350,229005578
4351,112908225
4352,23268501
4353,520292222
4354,1948426305
4355,2052766977
4356,1797783108
4357,1885355149
4358,686286741
4359,1544300462
4360,1183816432
4361,1460205847
4362,1112279949
4363,233320814
4364,273224354
4365,943407557
4366,1062942926
4367,1113189723
4368,1612431147
4369,2076473308
4370,2071584011
4371,602710863
4372,366127625
4373,163129791
4374,1019973154
4375,1638848972
4376,1060452590
4377,587805183
4378,1480330358
4379,471432250
4380,1944246820
4381,311105783
4382,802458163
4383,2035541193
4384,1422208333
4385,1634223822
4386,1803598822
4387,389601443
4388,1671134756
4389,1607199259
4390,175352758
4391,470370282
4392,1419219593
4393,2046302180
4394,960501022
4395,395477435
4396,803509843
4397,1501366308
4398,1345600867
4399,1302843214
4400,1869445472
4401,2134561428
4402,780510374
4403,260713594
4404,1873515774
4405,51621365
4406,873394355
4407,1850321138
4408,623527696
4409,1882851493
4410,2117028361
4411,1353720556
4412,538814229
4413,924235034
4414,473886998
4415,1613939854
4416,1970983490
4417,1776763137
4418,1432375118
4419,1348145330
4420,1349429531
4421,586150157
4422,15999615
4423,299566049
4424,1113327265
4425,2101953098
4426,1518713913
4427,333668142
4428,1924789806
4429,2029768453
4430,1723054692
4431,1504646972
4432,1177699198
4433,1296578132
4434,744070609
4435,1451595100
4436,882317813
4437,1284526958
4438,237925723
4439,755061504
4440,644117119
4441,457145278
4442,826184010
4443,1414725409
4444,1371456046
4445,1243938165
4446,2075450628
4447,984312832
4448,566840600
4449,78234253
4450,996530056
4451,88647808
4452,195603003
4453,1444968071
4454,1988506440
4455,928749761
4456,786675764
4457,1020589771
4458,1688632021
4459,1785104218
4460,1409602800
4461,976113615
4462,1668378509
4463,1901452847
4464,1666416760
4465,933010984
4466,1047363157
4467,1902013116
4468,701392240
4469,926445648
4470,1567056084
4471,1611592682
4472,1141659147
4473,44014930
4474,2067485024
4475,1848852731
4476,1449307476
4477,1309863679
4478,446356680
4479,1897350860
4480,700401258
4481,1020120102
4482,687387628
4483,458749734
4484,1286161604
4485,2072619855
4486,770225242
4487,982693485
4488,2124656249
4489,1168150064
4490,599721056
4491,1248067648
4492,270857990
4493,1258649914
4494,912453055
4495,786013238
4496,1000975733
4497,988296186
4498,22152749
4499,1220178769
4500,627763742
4501,656218534
4502,499684163
4503,563525346
4504,83883544
4505,692068619
4506,616217626
4507,172965541
4508,1736735282
4509,1595095903
4510,1457794121
4511,1413242902
4512,1787698917
4513,481724897
4514,592322051
4515,1349406733
4516,2026431566
4517,442301357
4518,444599463
4519,797825874
4520,57725251
4521,1389181828
4522,164874874
4523,671000606
4524,646529679
4525,1006069800
4526,222722555
4527,987289236
4528,29309733
4529,1197474765
4530,1036068138
4531,2013213763
4532,37656250
4533,516366375
4534,1342448704
4535,757610401
4536,1184006857
4537,603898408
4538,668677009
4539,585911125
4540,1941618720
4541,381289685
4542,70991190
4543,915134568
4544,343800316
4545,1806596662
4546,421587016
4547,1623735352
4548,2037046589
4549,2119139673
4550,525873262
4551,887247903
4552,2013081957
4553,1172811194
4554,1030528936
4555,1068384054
4556,737703732
4557,616634149
4558,614698031
4559,1991851619
4560,1799684387
4561,1546614274
4562,321831580
4563,532190927
4564,119729069
4565,1452944870
4566,1247722951
4567,1500655954
4568,1034227324
4569,244740950
4570,1850669711
4571,138264256
4572,1192262941
4573,965763007
4574,824496637
4575,997433222
4576,499881639
4577,1911835198
4578,1457454786
4579,2069846113
4580,530053336
4581,1149253184
4582,1012065497
4583,1933435121
4584,395072705
4585,334755034
4586,1855569914
4587,502034386
4588,1208470358
4589,839389049
4590,1061533723
4591,830237317
4592,286395624
4593,1882118922
4594,262305440
4595,1294265450
4596,1194183288
4597,58794631
4598,1308160243
4599,153390817
4600,598459643
4601,1191909846
4602,2058074975
4603,1512758196
4604,1961466951
4605,824343936
4606,1736002677
4607,1662975563
4608,1905152990
4609,1280084977
4610,1598131411
4611,1105018629
4612,914189804
4613,1570200382
4614,900304435
4615,1272250617
4616,1033593308
4617,170683180
4618,1897642214
4619,1851382205
4620,713326178
4621,297796323
4622,900605557
4623,927691014
4624,297464691
4625,1412887259
4626,1021858338
4627,1537149362
4628,38425762
4629,258053895
4630,1019139710
4631,942654202
4632,1501550435
4633,1720783834
4634,1802779511
4635,1130070232
4636,1681442961
4637,1892498578
4638,885819288
4639,2113883791
4640,825864110
4641,1104768018
4642,903409387
4643,172338884
4644,1146500384
4645,2026001242
4646,794526298
4647,1061540860
4648,737620904
4649,374062276
4650,349633127
4651,1700363837
4652,1994169510
4653,1560377083
4654,160350862
4655,44958026
4656,303806109
4657,1118059496
4658,1584254296
4659,935791408
4660,1716034612
4661,1400168333
4662,1193832524
4663,272389350
4664,817320133
4665,1759425437
4666,35379349
4667,2125936960
4668,2254475
4669,939566563
4670,1854659352
4671,1380449381
4672,1089605920
4673,1159081711
4674,510445668
4675,373663083
4676,1988772035
4677,854194591
4678,1563139683
4679,950521191
4680,1695902828
4681,852854582
4682,1809958684
4683,830031041
4684,2015757953
4685,755084841
4686,889237291
4687,566360828
4688,39071249
4689,1220183515
4690,483319767
4691,1683453907
4692,386255894
4693,1882711457
4694,925819106
4695,745394445
4696,411149343
4697,515265426
4698,304459036
4699,1906535964
4700,1884848
4701,1097184624
4702,590926659
4703,2016839360
4704,97639239
4705,1405788740
4706,1759014303
4707,786203182
4708,243477524
4709,1669052171
4710,1350271741
4711,1892680819
4712,1039941812
4713,952675907
4714,14889399
4715,106323083
4716,1314569307
4717,1210754343
4718,565809577
4719,1831154883
4720,454329645
4721,388280147
4722,1430944658
4723,1004171810
4724,2004423715
4725,826205211
4726,1016531745
4727,1533345945
4728,697008467
4729,2116168458
4730,692215902
4731,562475585
4732,1976055998
4733,1119678730
4734,115819320
4735,816383066
4736,995816986
4737,150141715
4738,456391923
4739,1262042550
4740,284203508
4741,1046155131
4742,45778645
4743,219244120
4744,213479771
4745,190845719
4746,479755895
4747,592647113
4748,972574897
4749,251232508
4750,1820801381
4751,1609094836
4752,1953292358
4753,1544312840
4754,1779423191
4755,116544164
4756,679599769
4757,705936336
4758,346169822
4759,1141895746
4760,2099596472
4761,1444767457
4762,803944855
4763,22052010
4764,1263810866
4765,2136721963
4766,312759565
4767,574786690
4768,1851808301
4769,479250562
4770,1577035511
4771,788856221
4772,142473556
4773,298362717
4774,305966057
4775,1260984998
4776,1886315528
4777,1825723077
4778,1702264041
4779,2047912618
4780,356378049
4781,1142198811
4782,860185296
4783,1474547023
4784,1494357088
4785,1636000066
4786,986816621
4787,1374263449
4788,1992995943
4789,701194136
4790,150555708
4791,745588397
4792,491500733
4793,588099817
4794,1468771487
4795,651436148
4796,2126329728
4797,1257524324
4798,1984440187
4799,100135789
4800,1226035820
4801,605366037
4802,740493554
4803,1103683146
4804,1245242405
4805,423261330
4806,1395671223
4807,1735130140
4808,469824976
4809,917899745
4810,239877705
4811,1073399510
4812,1193778278
4813,703617662
4814,237643431
4815,1347045357
4816,176433553
4817,614324435
4818,805646358
4819,1443134127
4820,2100948825
4821,1879458070
4822,71765215
4823,1149469213
4824,1552975176
4825,1860278877
4826,761194875
4827,1542524548
4828,1774734727
4829,3249122
4830,1769191550
4831,1082331320
4832,453402798
4833,1216545697
4834,254656144
4835,1386733000
4836,1815368300
4837,1630343895
4838,122834748
4839,1685258717
4840,164929072
4841,8534241
4842,403799380
4843,1070629294
4844,384399803
4845,1329401532
4846,1641852078
4847,1642969379
4848,2138009514
4849,484627932
4850,1601274768
4851,146625299
4852,1592586507
4853,1809898969
4854,248557411
4855,774442531
4856,355468799
4857,1227014239
4858,1197655140
4859,379101103
4860,1580931280
4861,1023012313
4862,1779781759
4863,490047183
4864,1106635190
4865,194124522
4866,641250000
4867,502145643
4868,1046459878
4869,1437051412
4870,37213626
4871,993394011
4872,1301879430
4873,1436180957
4874,1797033093
4875,1566107909
4876,658633134
4877,287601439
4878,1446937233
4879,913383497
4880,1172127618
4881,785870521
4882,428495258
4883,1726283981
4884,2058335806
4885,765562711
4886,294777314
4887,1461419688
4888,1528610414
4889,1056010555
4890,2139433792
4891,120661100
4892,1951009533
4893,1184421516
4894,485090911
4895,839425634
4896,1516580982
4897,1291547597
4898,961671749
4899,126398856
4900,505174655
4901,1273132839
4902,2047309695
4903,337498734
4904,1689846180
4905,859929262
4906,1701115971
4907,1827307163
4908,1629261438
4909,802007641
4910,1310601125
4911,1360665276
4912,436102515
4913,344750715
4914,1867996100
4915,1498428839
4916,1525871061
4917,978158667
4918,793144054
4919,1679507250
4920,1325353082
4921,1940763744
4922,1264531413
4923,2106656532
4924,599054806
4925,476001372
4926,89509746
4927,2000437920
4928,628101906
4929,697928053
4930,2007865802
4931,1197732207
4932,1904620475
4933,1741501165
4934,1653371922
4935,690656821
4936,224131495
4937,228423260
4938,2107339384
4939,1560960515
4940,1139737978
4941,1521973464
4942,639792533
4943,1822498466
4944,1649962413
4945,34242325
4946,1874031296
4947,387420755
4948,1154165720
4949,1792041599
4950,1426228366
4951,1408975148
4952,372851578
4953,330829617
4954,1613474547
4955,1259501831
4956,1566395597
4957,1499974159
4958,1896175950
4959,2096626761
4960,317513075
4961,1788619309
4962,479031154
4963,81996082
4964,954251420
4965,1322840249
4966,1145893162
4967,432120703
4968,971262115
4969,1676122565
4970,49818818
4971,965145448
4972,548581885
4973,1544702929
4974,1815830976
4975,1870560779
4976,214176967
4977,585046112
4978,58403665
4979,1957367980
4980,1452198666
4981,1144632316
4982,494128444
4983,2009950661
4984,40647190
4985,729604898
4986,52903807
4987,207750595
4988,801145945
4989,150437384
4990,1527351069
4991,1493761839
4992,355319694
4993,923331743
4994,1611907976
4995,2102807869
4996,622535345
4997,1553690984
4998,369568773
4999,2133744424
5000,506421439
5001,1196157649
5002,1920931243
5003,1729537401
5004,1289354404
5005,1788596854
5006,2056392451
5007,1620001272
5008,1615389280
5009,1481384137
5010,686258585
5011,173269915
5012,480757692
5013,445388638
5014,474502014
5015,482025917
5016,1859782834
5017,282623046
5018,1708550337
5019,1457415304
5020,779346341
5021,1515189443
5022,715202674
5023,1756442927
5024,1257723680
5025,1427037918
5026,411346612
5027,582615415
5028,452345992
5029,420901389
5030,158520569
5031,910717596
5032,1820209391
5033,776129772
5034,1891360239
5035,1176750556
5036,676157157
5037,321721678
5038,2138871159
5039,507680580
5040,21647664
5041,1099579599
5042,645401621
5043,1579158708
5044,1345338333
5045,848300829
5046,966159438
5047,310535121
5048,557301954
5049,1665298018
5050,2125284034
5051,423462193
5052,1554943518
5053,1843548313
5054,648366867
5055,947682293
5056,132481953
5057,742318440
5058,431010091
5059,420247841
5060,2073854036
5061,2013269050
5062,1501898532
5063,2018457378
5064,63319620
5065,839561412
5066,35585760
5067,2120755562
5068,1092636033
5069,1133279099
5070,78411908
5071,354783410
5072,1651583394
5073,1655672066
5074,921264723
5075,360835372
5076,1020273478
5077,1059495768
5078,284118194
5079,1645968681
5080,848486364
5081,541587864
5082,2023006347
5083,1133292722
5084,955986626
5085,874225350
5086,1294076623
5087,954250707
5088,950216093
5089,425831257
5090,1853806220
5091,1298819647
5092,240636882
5093,872697515
5094,123621405
5095,1480789713
5096,55293643
5097,169640224
5098,73456456
5099,661624095
5100,1461617639
5101,550982999
5102,1933242185
5103,1599888803
5104,1552902108
5105,1586100679
5106,1343569834
5107,267408391
5108,1392780435
5109,1230691711
5110,2034496428
5111,1143582826
5112,1222813565
5113,525849400
5114,736575818
5115,928859946
5116,1104668576
5117,946257155
5118,579445632
5119,1633019661
5120,697030515
5121,221596381
5122,755396399
5123,1305270051
5124,1400410520
5125,1124852835
5126,1806151779
5127,1287762943
5128,168975135
5129,1081053599
5130,1323021556
5131,1225941636
5132,1856875092
5133,1145174179
5134,1002413341
5135,2093369257
5136,1476248435
5137,2021344592
5138,1567403555
5139,1147758433
5140,1495807297
5141,308059120
5142,1505545234
5143,1750162129
5144,1907118902
5145,1362585147
5146,1133533763
5147,1301813498
5148,1673623326
5149,897041683
5150,459064924
5151,369645123
5152,2141492071
5153,1880044084
5154,1736538575
5155,2026607911
5156,367586367
5157,407745191
5158,683272487
5159,1798954030
5160,1354827281
5161,543606469
5162,1977932923
5163,972327857
5164,101920794
5165,1488474756
5166,1254971391
5167,527653730
5168,1858434645
5169,900524576
5170,1399899765
5171,252270103
5172,390608420
5173,1980979511
5174,2017916452
5175,595045944
5176,917879505
5177,73536022
5178,2028286454
5179,1835801051
5180,1095363355
5181,501745133
5182,555016128
5183,106293078
5184,42890711
5185,1156736376
5186,1605781752
5187,1430277579
5188,1111798945
5189,846607357
5190,214684699
5191,818222531
5192,591360714
5193,471441742
5194,841970072
5195,1547911044
5196,650764085
5197,1713882276
5198,1398013650
5199,777286465
5200,1559481945
5201,1227229538
5202,1910307420
5203,1701721882
5204,384976587
5205,1027391371
5206,579151193
5207,1951225740
5208,1831665502
5209,647110283
5210,1160350904
5211,1400881198
5212,1169874552
5213,344455142
5214,665595061
5215,66222032
5216,1226760880
5217,327093060
5218,674375022
5219,549589827
5220,309547139
5221,69196082
5222,1353467995
5223,1813259151
5224,2086787438
5225,89702964
5226,1034998919
5227,1318412905
5228,1298954991
5229,1218452833
5230,851556582
5231,1770043966
5232,679378451
5233,115630736
5234,1057624914
5235,2109048111
5236,611171277
5237,599296214
5238,1014243665
5239,1924132087
5240,1917994193
5241,571696712
5242,249604830
5243,2126028076
5244,1453046259
5245,1123077327
5246,76874953
5247,1694917572
5248,45874728
5249,1255061221
5250,241751043
5251,1239402383
5252,195037996
5253,2013983386
5254,1242946024
5255,1437685200
5256,1175344850
5257,370697196
5258,1387670760
5259,803447699
5260,1848319625
5261,1709191791
5262,1010005859
5263,387371901
5264,720179692
5265,1531218914
5266,1353493215
5267,2060096414
5268,1964005954
5269,375323085
5270,149237326
5271,396855816
5272,699273881
5273,1240464030
5274,1485597972
5275,343210378
5276,1760520047
5277,1335542287
5278,1770618941
5279,1333213719
5280,50120477
5281,2103716512
5282,1970363348
5283,1963474657
5284,1323453293
5285,1094965257
5286,208483728
5287,1344244718
5288,1037198909
5289,2018523383
5290,1117444339
5291,1529137892
5292,1167702959
5293,403217621
5294,1770375736
5295,1826566457
5296,1755075675
5297,1554180340
5298,1884815419
5299,16941547
5300,1434474219
5301,697798903
5302,1610928281
5303,1338849485
5304,976029593
5305,214411571
5306,1941960120
5307,1626895633
5308,40224652
5309,2060633513
5310,341824710
5311,870994818
5312,893667161
5313,1829334349
5314,446659606
5315,1447247245
5316,495553463
5317,1998956851
5318,1951605425
5319,1730561829
5320,2133677207
5321,119674624
5322,1349104689
5323,389037309
5324,1135284342
5325,18295651
5326,1106641395
5327,58784140
5328,1247332964
5329,1223649987
5330,850354536
5331,1863199527
5332,1892779676
5333,1534558616
5334,1964355474
5335,982115397
5336,1653478215
5337,209369988
5338,1078339990
5339,1224947013
5340,435182709
5341,749006785
5342,1698594691
5343,344117205
5344,1813703394
5345,1303872757
5346,2142848301
5347,1700181470
5348,1682026865
5349,996513570
5350,1302781521
5351,611606540
5352,378780652
5353,1371838668
5354,1608856046
5355,649509461
5356,652754336
5357,996928911
5358,1986723993
5359,2067476029
5360,1821806609
5361,2040585006
5362,1118639357
5363,1265989890
5364,521212839
5365,1779399242
5366,1224625784
5367,539659790
5368,1100600322
5369,160298166
5370,137218990
5371,256796882
5372,148292111
5373,1180336179
5374,452741397
5375,1540999728
5376,486031502
5377,2075682036
5378,1059024662
5379,1175061728
5380,1185495768
5381,1601786643
5382,791023517
5383,1440911155
5384,203684352
5385,2049292166
5386,141854634
5387,1048654068
5388,1609955248
5389,1099445745
5390,1247563788
5391,1891835350
5392,995267667
5393,38822744
5394,1591968323
5395,789357913
5396,504080788
5397,1737246124
5398,2104093147
5399,405305277
5400,506263012
5401,273504075
5402,1072913929
5403,1840395130
5404,1846980430
5405,2075070653
5406,1220608733
5407,789996941
5408,548197855
5409,390306431
5410,2111436519
5411,127375654
5412,1305366442
5413,19691117
5414,151063482
5415,433097547
5416,1560869440
5417,1827915613
5418,363174606
5419,1935087897
5420,563901358
5421,1107763453
5422,1175424984
5423,208440628
5424,1463403161
5425,1428786086
5426,39483447
5427,948730578
5428,167022554
5429,1039546957
5430,991004559
5431,1542912330
5432,1936289589
5433,1370689534
5434,863674476
5435,823511154
5436,727516467
5437,1636145974
5438,1159106365
5439,1668837935
5440,476916418
5441,1242999953
5442,1701545256
5443,1523290097
5444,1127917676
5445,596235503
5446,798594882
5447,904720317
5448,216634256
5449,513586746
5450,365748856
5451,342712187
5452,1519259162
5453,1336369923
5454,935568757
5455,243751772
5456,556182589
5457,1749538387
5458,1354573764
5459,1633073682
5460,441908574
5461,1411093425
5462,1243882029
5463,581848229
5464,328289070
5465,1134804764
5466,2077341225
5467,454100102
5468,69065508
5469,180297603
5470,424791222
5471,900783591
5472,1051901463
5473,1990199061
5474,1196784768
5475,1317374260
5476,114339341
5477,852860031
5478,470297778
5479,598142123
5480,1579873459
5481,1115578073
5482,72733224
5483,1550743831
5484,1330211988
5485,2044820300
5486,2019672546
5487,1915056049
5488,469059766
5489,1259585046
5490,2016800209
5491,1071729992
5492,37337389
5493,3386001
5494,1480676259
5495,289146247
5496,1301224371
5497,1756669280
5498,1109665366
5499,2043941292
5500,2009667880
5501,1102004045
5502,1203985815
5503,395705136
5504,2081555030
5505,2094002476
5506,963209731
5507,642471218
5508,1215459592
5509,772633687
5510,1476851503
5511,106887452
5512,754064689
5513,708572624
5514,1312472765
5515,1343619127
5516,104386683
5517,903727872
5518,1898514142
5519,198915561
5520,484234555
5521,1999005404
5522,148935536
5523,590727114
5524,1387545903
5525,2048324620
5526,1442516231
5527,554222262
5528,671387187
5529,404470639
5530,1696541708
5531,1803017508
5532,1748390580
5533,928080179
5534,82439585
5535,1429499395
5536,1031795919
5537,1620381691
5538,1089750678
5539,2133251093
5540,722553313
5541,956128610
5542,2054124586
5543,944560271
5544,1562421956
5545,1949165151
5546,239199371
5547,1825999413
5548,2011503485
5549,825073666
5550,450888861
5551,651142291
5552,736838494
5553,2093168743
5554,152551558
5555,1785349154
5556,162044755
5557,1753790882
5558,283800617
5559,1903405444
5560,1137598103
5561,1653873334
5562,1216649439
5563,1817855632
5564,342588059
5565,88844114
5566,1436918482
5567,1910515968
5568,2040152939
5569,1327795478
5570,1547490157
5571,2136029770
5572,1090017692
5573,1485131349
5574,55458027
5575,1341311690
5576,976817648
5577,2096009212
5578,1530221211
5579,1693248156
5580,1999463146
5581,7182528
5582,131539589
5583,1415121730
5584,2020697762
5585,185211888
5586,209861411
5587,828295922
5588,174412450
5589,1669436340
5590,536958666
5591,1590420456
5592,369689983
5593,693573924
5594,1463929716
5595,997685962
5596,1287198807
5597,474024054
5598,56319222
5599,1581616622
5600,1697945868
5601,217366061
5602,113584575
5603,1089234014
5604,418130592
5605,342924866
5606,85580154
5607,698082972
5608,443135057
5609,350763857
5610,1107821763
5611,1831913581
5612,639370999
5613,1729235255
5614,283160228
5615,1394323797
5616,1078503178
5617,1916349672
5618,455891262
5619,1383125903
5620,2108324248
5621,1605478440
5622,1136978008
5623,669762460
5624,1438977176
5625,2068881185
5626,1702426981
5627,496841442
5628,157259928
5629,168413442
5630,372545481
5631,769179088
5632,1347672458
5633,1360111624
5634,1112226837
5635,1645921906
5636,2138410250
5637,1330604600
5638,441820165
5639,523533079
5640,1178884822
5641,1764518773
5642,606159059
5643,1989895169
5644,1744349194
5645,1867779037
5646,1118489717
5647,854361042
5648,329804848
5649,2015282930
5650,525930372
5651,516684261
5652,668608698
5653,762048179
5654,506050969
5655,694841536
5656,1542762256
5657,786309764
5658,369892522
5659,1509331365
5660,426223083
5661,973758497
5662,264847215
5663,749867512
5664,2017325360
5665,1814075079
5666,1078426101
5667,463757193
5668,1209075692
5669,2001653477
5670,1109822155
5671,553774380
5672,1413496959
5673,1381818809
5674,1365292469
5675,197445985
5676,920033240
5677,1179722623
5678,663830191
5679,17752125
5680,64935574
5681,997550632
5682,162029883
5683,243268907
5684,99306439
5685,1347955537
5686,559285206
5687,1256191536
5688,1941738645
5689,1567874302
5690,437438452
5691,689792419
5692,1084513728
5693,1511031105
5694,1072925102
5695,140107104
5696,374766567
5697,349021464
5698,149894705
5699,34908464
5700,1625403059
5701,802103439
5702,210959731
5703,1790967810
5704,1982292899
5705,1927469190
5706,603847932
5707,364462485
5708,1044633075
5709,1019046064
5710,932095855
5711,579950277
5712,1709125815
5713,975128188
5714,982976786
5715,1831451192
5716,96357276
5717,744504046
5718,1768025425
5719,199511953
5720,268404122
5721,1069529503
5722,853907864
5723,812057835
5724,1481704253
5725,885615351
5726,1755502638
5727,208951500
5728,1063364545
5729,664558082
5730,1762809963
5731,126402183
5732,1187950553
5733,1941336880
5734,801731318
5735,969620400
5736,1720119447
5737,631454775
5738,903494697
5739,711916972
5740,2110625109
5741,150525370
5742,828995441
5743,1609721917
5744,1074572625
5745,1354417531
5746,1648803667
5747,2114223076
5748,632100470
5749,521719340
5750,1935294444
5751,350787325
5752,44587633
5753,190100120
5754,1095440037
5755,111934522
5756,295424485
5757,479992525
5758,203268427
5759,1885925138
5760,698774009
5761,1411800660
5762,1496451525
5763,1205296954
5764,324432766
5765,865371987
5766,1253685505
5767,1262296059
5768,2012300555
5769,1009155684
5770,1780617716
5771,261652442
5772,1697531912
5773,1774409382
5774,1517714820
5775,2103667940
5776,1269195420
5777,1863703522
5778,569271519
5779,972814366
5780,1064661146
5781,1339140678
5782,1635478513
5783,434872698
5784,1263892890
5785,100913505
5786,22460845
5787,2086579144
5788,582703256
5789,237517076
5790,2122201329
5791,749279345
5792,1768168904
5793,1001938600
5794,1131382657
5795,414423561
5796,337486906
5797,1077677867
5798,1382537729
5799,1855826327
5800,2067319666
5801,1536972231
5802,1587988606
5803,242162692
5804,354842377
5805,620337559
5806,1844180525
5807,695684014
5808,723001406
5809,819112720
5810,319633470
5811,325592776
5812,1413154818
5813,514486419
5814,392263356
5815,1099064929
5816,949030931
5817,370298123
5818,542512791
5819,105321424
5820,254718937
5821,654367261
5822,743439364
5823,2068044441
5824,81400030
5825,925686275
5826,2101640657
5827,1495041045
5828,1426025343
5829,515985671
5830,228660245
5831,1257133520
5832,81977111
5833,997900647
5834,22601752
5835,1353251365
5836,1978460708
5837,347792960
5838,749928234
5839,1364319920
5840,1668702857
5841,534223694
5842,1676809951
5843,1389164358
5844,89837872
5845,1123081133
5846,1835821330
5847,318997603
5848,84415356
5849,1760888053
5850,1275436853
5851,916159859
5852,1033479842
5853,865566539
5854,695782619
5855,1150392465
5856,21566929
5857,1114265936
5858,654288728
5859,272527807
5860,274709435
5861,1885398135
5862,256726441
5863,1827922918
5864,1273901202
5865,364993842
5866,1508133984
5867,348555737
5868,1733526611
5869,1165604779
5870,1430033117
5871,48944519
5872,1664340905
5873,1255092405
5874,961773557
5875,1906914905
5876,950180179
5877,1795704651
5878,847451684
5879,1622687051
5880,1539678646
5881,1170556664
5882,472488334
5883,1350155672
5884,194418386
5885,1201072547
5886,970783264
5887,168077677
5888,1851691641
5889,1585427265
5890,651202027
5891,1653195011
5892,1338126072
5893,1651903517
5894,1467217924
5895,556799580
5896,1872120724
5897,463389705
5898,1115355156
5899,144098890
5900,492001279
5901,172388019
5902,992524083
5903,673718558
5904,2068052605
5905,889039876
5906,2091291513
5907,1937395960
5908,1002738086
5909,535312619
5910,192448277
5911,2083043882
5912,993484741
5913,133512356
5914,526287827
5915,1525561805
5916,1817040936
5917,1759442708
5918,1567340772
5919,1729848127
5920,1915725271
5921,1929340323
5922,194414348
5923,1140406149
5924,1835438247
5925,1805241477
5926,487510961
5927,374274456
5928,91557720
5929,1828275397
5930,118012956
5931,329618638
5932,261893411
5933,718646701
5934,193860674
5935,1092383099
5936,1437974369
5937,1463271225
5938,570631661
5939,842226620
5940,956404393
5941,1617308310
5942,160301291
5943,840651472
5944,1720960863
5945,760843994
5946,1755427242
5947,1561139091
5948,1174869738
5949,1003820637
5950,1355269834
5951,262592866
5952,816105388
5953,1419979528
5954,366098543
5955,1048926226
5956,1771740635
5957,1278627555
5958,334263553
5959,998151993
5960,1951826760
5961,1281598921
5962,1825657277
5963,704728234
5964,917407973
5965,1650918584
5966,751824276
5967,1913115394
5968,2018563917
5969,1864875470
5970,493055132
5971,154018609
5972,1454632524
5973,1408223927
5974,848538763
5975,1910724200
5976,640101862
5977,1695654917
5978,625528953
5979,2017723975
5980,1126491612
5981,1255463821
5982,2115833042
5983,609622414
5984,1580111613
5985,566126477
5986,1826983368
5987,614509281
5988,197430485
5989,654312963
5990,583357708
5991,1663483926
5992,1029992245
5993,1838997859
5994,1200107673
5995,140880993
5996,286113433
5997,1356281672
5998,1653366406
5999,2126046818
6000,1993174374
6001,1342925982
6002,1823209697
6003,1273065494
6004,157085680
6005,1936954903
6006,322932309
6007,259429713
6008,1791006431
6009,736926748
6010,1445956874
6011,855836214
6012,233269793
6013,911836978
6014,1213822326
6015,1953115978
6016,301819102
6017,2012239843
6018,169255370
6019,345848040
6020,1640973447
6021,1858306611
6022,474117893
6023,1776710366
6024,1835644199
6025,1826815868
6026,931912936
6027,2102763486
6028,1381639757
6029,2133108512
6030,206680281
6031,344520260
6032,2054912638
6033,567548867
6034,849193406
6035,1141769099
6036,1329673424
6037,2075250661
6038,805229313
6039,2002356002
6040,1666314965
6041,1527085499
6042,237944538
6043,914073725
6044,68499883
6045,522401009
6046,1243252079
6047,1514266160
6048,503837801
6049,421824775
6050,56124402
6051,19600725
6052,1277881088
6053,803995138
6054,1492521137
6055,741293281
6056,214369821
6057,680400622
6058,1275715656
6059,17659562
6060,1370366002
6061,1859176182
6062,1385228566
6063,1705791867
6064,1629606629
6065,1979787731
6066,2081853953
6067,879064039
6068,786612912
6069,1182574321
6070,389190326
6071,577898221
6072,1987780072
6073,1065815672
6074,244249650
6075,1291251196
6076,945495090
6077,1437015504
6078,1147752167
6079,923997849
6080,1439691415
6081,814814542
6082,689605620
6083,774768715
6084,799582773
6085,1815427837
6086,172505282
6087,1708040751
6088,2085957242
6089,398600204
6090,1685428468
6091,695085708
6092,1943925905
6093,444990977
6094,930656665
6095,1272977215
6096,1668690759
6097,1798167211
6098,562604416
6099,1614499407
6100,974717665
6101,1822855376
6102,236078440
6103,1260462762
6104,68924807
6105,1285344623
6106,126621710
6107,1004485219
6108,1140720175
6109,1045920970
6110,464880101
6111,738665628
6112,731851117
6113,980055168
6114,1384990793
6115,1996383974
6116,2101908182
6117,1976822241
6118,548364358
6119,923860966
6120,627474699
6121,445525272
6122,1371448055
6123,59915907
6124,935451897
6125,1257295674
6126,638387053
6127,1516895591
6128,1718792242
6129,1294647948
6130,373090739
6131,552149826
6132,1247021999
6133,604492560
6134,1897123786
6135,3568137
6136,1801674408
6137,2111289526
6138,1931250875
6139,669929945
6140,235823867
6141,2012617339
6142,1953076394
6143,1794100563
6144,461468747
6145,1253728729
6146,347248117
6147,1269755997
6148,410230571
6149,45789391
6150,2096139079
6151,815214458
6152,1703349571
6153,188623562
6154,587088061
6155,1392510936
6156,457871599
6157,1226667898
6158,1383206795
6159,693862877
6160,530841304
6161,610181275
6162,1582182517
6163,1236479799
6164,1215362006
6165,498613496
6166,1891441821
6167,1543528832
6168,183396879
6169,858278206
6170,1376951063
6171,788570881
6172,1277864102
6173,2145120431
6174,702727287
6175,847591543
6176,1070663489
6177,843501852
6178,111342560
6179,1423120695
6180,449859035
6181,563938749
6182,1255024180
6183,1852454554
6184,467460331
6185,1099668968
6186,380428769
6187,282944516
6188,1182756876
6189,1697716538
6190,939304753
6191,237782233
6192,1908582940
6193,954059838
6194,2100124326
6195,1087786974
6196,9049031
6197,1970930973
6198,497959768
6199,1630400063
6200,1821174542
6201,1843951247
6202,1750841940
6203,505571357
6204,1145052743
6205,895046132
6206,1943453552
6207,2141163113
6208,1122992099
6209,1892123728
6210,1472224787
6211,1233372981
6212,1778806227
6213,1153079211
6214,571029454
6215,1099042271
6216,1449742039
6217,1010961685
6218,1796102831
6219,2003080690
6220,1465785876
6221,2086403980
6222,1604577618
6223,1118135542
6224,1476998326
6225,357206690
6226,798339628
6227,77733217
6228,1604257421
6229,1894669391
6230,203452530
6231,596880890
6232,1943998054
6233,992057777
6234,692379657
6235,1493038558
6236,1750044450
6237,774359132
6238,1895144280
6239,390256154
6240,890679563
6241,212849919
6242,1192229745
6243,475749037
6244,587066673
6245,361377501
6246,772878708
6247,409836909
6248,1765783430
6249,1656026522
6250,2018877148
6251,2091716178
6252,450289923
6253,1651388316
6254,2121859975
6255,1627086837
6256,207960206
6257,1225165362
6258,1101910089
6259,1908014115
6260,1552339033
6261,2043026887
6262,404971963
6263,1711102705
6264,67940088
6265,402188943
6266,1972463487
6267,482337216
6268,1602181381
6269,287663738
6270,1744633359
6271,778663604
6272,113625486
6273,1396715895
6274,104937610
6275,1881186843
6276,2018664031
6277,1712200602
6278,820020065
6279,1581265003
6280,1116100654
6281,1167343117
6282,698355860
6283,417104218
6284,361146030
6285,713411903
6286,1762496353
6287,1615573184
6288,196805525
6289,2012239077
6290,2019471153
6291,1457204464
6292,773441490
6293,124572371
6294,296610491
6295,953120472
6296,62769078
6297,973196339
6298,1033414115
6299,49447772
6300,698817521
6301,1229761771
6302,477350799
6303,1893046383
6304,7031939
6305,1598331743
6306,1420082755
6307,1328346829
6308,1450492060
6309,615932943
6310,816513624
6311,2080307188
6312,1659026220
6313,794540452
6314,1600813084
6315,1177680861
6316,2001994773
6317,926465824
6318,1796209679
6319,359939990
6320,51552021
6321,464041439
6322,39718913
6323,1865772861
6324,955780814
6325,844077580
6326,1201907374
6327,760426326
6328,1451284110
6329,548476540
6330,1950112804
6331,1533044981
6332,954974103
6333,771046983
6334,322180598
6335,1965732763
6336,1153833637
6337,890041452
6338,127780900
6339,691646157
6340,2114820274
6341,1788849899
6342,1279883401
6343,1318861557
6344,690030760
6345,1003840536
6346,1752362903
6347,614450097
6348,148785647
6349,1490928681
6350,830744164
6351,735535373
6352,1957409038
6353,1492964012
6354,1813284940
6355,1076955501
6356,800940786
6357,1356573775
6358,1027493644
6359,2115405327
6360,2080918624
6361,1704033574
6362,459072625
6363,395783763
6364,1714841089
6365,355341390
6366,1009179113
6367,377588086
6368,1907598233
6369,1121486288
6370,1954869058
6371,1049112717
6372,639539020
6373,1783386326
6374,882042535
6375,2099912434
6376,1070395745
6377,1117653265
6378,1321065078
6379,1982948050
6380,1352279180
6381,1303653856
6382,1299833434
6383,76302199
6384,757584261
6385,375754910
6386,669476445
6387,901015865
6388,1242452220
6389,1137386953
6390,638922909
6391,1896280314
6392,1362416928
6393,1353250940
6394,812768055
6395,1901123453
6396,417090164
6397,67232121
6398,1572560040
6399,944746817
6400,1176583485
6401,2041123441
6402,300730460
6403,1225555547
6404,790558374
6405,1188215881
6406,676769771
6407,1425621150
6408,1736821075
6409,1412996671
6410,1673167027
6411,1095927052
6412,1225217688
6413,265618392
6414,1545611874
6415,2032310598
6416,1006056605
6417,1134243427
6418,440906228
6419,1191079443
6420,1873365844
6421,429216860
6422,1965661478
6423,2107871889
6424,1060040886
6425,420108483
6426,836918643
6427,1373086807
6428,328694665
6429,462435593
6430,1727637638
6431,1438499084
6432,1598702048
6433,1206206054
6434,915988964
6435,2100437296
6436,982779624
6437,173536651
6438,1623144546
6439,287055964
6440,1786291373
6441,1041556355
6442,124365794
6443,1842535007
6444,640464244
6445,830943936
6446,105658358
6447,178650025
6448,1863284367
6449,589729852
6450,161704440
6451,1053772460
6452,1978577020
6453,490062736
6454,342849803
6455,35050106
6456,2031266261
6457,432684824
6458,1950357806
6459,1219902228
6460,280435258
6461,1008504597
6462,2019518240
6463,1568155988
6464,1785884278
6465,401815380
6466,1743309120
6467,1066343790
6468,1695136469
6469,135978670
6470,363432965
6471,588164462
6472,600846876
6473,1143207917
6474,1326019315
6475,909921612
6476,774858039
6477,2071087672
6478,1262189209
6479,1479741728
6480,659248580
6481,1261939174
6482,637336441
6483,807096469
6484,123294478
6485,594200620
6486,1430407445
6487,397383645
6488,1645089700
6489,376723099
6490,1794590622
6491,76612824
6492,543723639
6493,599905906
6494,518869
6495,2043063705
6496,1445868943
6497,1083857445
6498,1547416508
6499,2043970975
6500,1368345797
6501,740328726
6502,660500406
6503,568236166
6504,1391858552
6505,1462497896
6506,2042129613
6507,1695092434
6508,1946729768
6509,1087375427
6510,369016501
6511,669500582
6512,1426581289
6513,1862829911
6514,1927678064
6515,501215015
6516,414313527
6517,595149593
6518,1996256249
6519,559671463
6520,1842011718
6521,65828553
6522,1734459761
6523,2059701312
6524,2122433086
6525,1965336180
6526,236882009
6527,1619468007
6528,19119941
6529,1957825565
6530,1319275570
6531,1720799033
6532,197323093
6533,879024212
6534,1354006435
6535,927729009
6536,578750466
6537,180358199
6538,1477915599
6539,950462204
6540,2125611348
6541,254153266
6542,1698089779
6543,1085312878
6544,13594859
6545,1081093848
6546,306193546
6547,1169068078
6548,1678097986
6549,284544809
6550,984069903
6551,1428393372
6552,87340938
6553,599200458
6554,1160335116
6555,672669710
6556,760375482
6557,1843775828
6558,1693100915
6559,1872674286
6560,1097257141
6561,296785701
6562,1278523544
6563,1184857342
6564,363723172
6565,1956885550
6566,2141523208
6567,513697101
6568,1599059810
6569,1436666698
6570,200079004
6571,929830250
6572,359372676
6573,1577889881
6574,1570357915
6575,1855217344
6576,324034587
6577,1473285850
6578,1750047993
6579,81389611
6580,566844367
6581,292578963
6582,943678637
6583,1302818183
6584,1859874019
6585,177669852
6586,1067229336
6587,21046839
6588,465666682
6589,1849472978
6590,678870873
6591,322305741
6592,1490688373
6593,1588802579
6594,1173159687
6595,1835148767
6596,1287869705
6597,2114413348
6598,1002964618
6599,250402312
6600,1986570278
6601,1496122066
6602,1295698978
6603,689687182
6604,943104498
6605,1383328012
6606,785896024
6607,2108571791
6608,1028817432
6609,1882748528
6610,1702207784
6611,1832111075
6612,611195839
6613,1210462237
6614,1221897526
6615,998014293
6616,818844775
6617,1689977525
6618,1620820110
6619,1696685731
6620,1278116548
6621,1146640610
6622,834067669
6623,1447791527
6624,413302252
6625,945050117
6626,1640126237
6627,1541516704
6628,487755870
6629,1417746080
6630,1917634594
6631,1199822780
6632,1907045529
6633,1716375434
6634,135715724
6635,1755878699
6636,660494806
6637,2127086959
6638,976522928
6639,725966752
6640,1529524007
6641,1887535781
6642,645563931
6643,455987173
6644,1480754335
6645,42010023
6646,1210300606
6647,683936554
6648,1850999976
6649,1920310827
6650,1945144914
6651,1452979168
6652,1697965861
6653,722658507
6654,141023763
6655,851833499
6656,1281519783
6657,674868045
6658,682125602
6659,1840150148
6660,180771606
6661,318826546
6662,638388132
6663,125254214
6664,909745684
6665,511832289
6666,1478085446
6667,992883193
6668,529659586
6669,944915430
6670,910917678
6671,1449980610
6672,1010333355
6673,62619066
6674,1622914454
6675,863364319
6676,1409952930
6677,75565243
6678,108266221
6679,1455687810
6680,1345759794
6681,1361022912
6682,182531052
6683,452457714
6684,2019150949
6685,337355547
6686,1832553692
6687,1514764803
6688,912117746
6689,1390174528
6690,1182391453
6691,816766622
6692,9411015
6693,714926249
6694,1759536311
6695,340681236
6696,853421386
6697,477580509
6698,900365214
6699,632799567
6700,780943002
6701,1433204383
6702,1441107695
6703,1228340372
6704,2049736312
6705,1180053974
6706,1089852446
6707,1412409546
6708,1401520204
6709,1063192791
6710,39735755
6711,680865654
6712,701296888
6713,2128646340
6714,339670712
6715,502575331
6716,1107160456
6717,1190712059
6718,29372366
6719,354083137
6720,765713653
6721,685060130
6722,1777698738
6723,1247675085
6724,33570312
6725,54573579
6726,1006844646
6727,1134371803
6728,1770242146
6729,343695185
6730,800773374
6731,886028296
6732,1522517717
6733,1690438052
6734,859769600
6735,1904517362
6736,1621678420
6737,1201959098
6738,1530895015
6739,1745774514
6740,1698705412
6741,217495201
6742,333524767
6743,1475325434
6744,37122533
6745,891757768
6746,2047225211
6747,1526818964
6748,314605278
6749,939819178
6750,577371946
6751,1343152301
6752,419887920
6753,2105910577
6754,758219012
6755,1071292402
6756,1597344444
6757,819236497
6758,343481069
6759,746761857
6760,532127051
6761,1455199039
6762,1597393792
6763,2137292312
6764,1936386318
6765,1164205785
6766,1995920001
6767,2140140459
6768,1677703485
6769,1420091880
6770,1698874103
6771,1169536951
6772,1721153905
6773,1503828242
6774,1173950561
6775,923546074
6776,623753323
6777,396989476
6778,2012100602
6779,85061188
6780,814948454
6781,2050156070
6782,1377580238
6783,1786609387
6784,1170745722
6785,1844213845
6786,1769106065
6787,920305714
6788,1841686000
6789,1521804417
6790,1533103999
6791,1718587338
6792,75025869
6793,1398091986
6794,714397578
6795,1516915849
6796,1355711122
6797,1576910004
6798,320237176
6799,1838536660
6800,579678068
6801,580148495
6802,1181532200
6803,1823365641
6804,1519986751
6805,1780366905
6806,1001746735
6807,1311957628
6808,508955648
6809,2094870559
6810,868742029
6811,1961519454
6812,672410562
6813,871312279
6814,1749149147
6815,565716236
6816,2103279793
6817,1483476707
6818,1059984873
6819,1008819334
6820,1311695222
6821,581404123
6822,2095490720
6823,765756963
6824,931730445
6825,1145294858
6826,954667972
6827,1182943266
6828,1754382516
6829,1536563380
6830,613974655
6831,1904529972
6832,1398649464
6833,460329475
6834,263811347
6835,294177546
6836,1267389784
6837,1050517970
6838,1096684302
6839,483237830
6840,1733025474
6841,2119439342
6842,1750333810
6843,2109434448
6844,1015621861
6845,1572164548
6846,2037088812
6847,922688405
6848,1532585382
6849,935608413
6850,1558918421
6851,159756516
6852,678066117
6853,1695800048
6854,568621812
6855,1500303267
6856,892896588
6857,553413405
6858,245297053
6859,502766828
6860,1052084130
6861,1266838219
6862,44242725
6863,1608256289
6864,363342556
6865,7085824
6866,1731509706
6867,336443184
6868,1428310790
6869,2054147845
6870,1337154663
6871,831648962
6872,1278325517
6873,858880933
6874,1496162983
6875,2141394607
6876,2002706624
6877,138098773
6878,1045519501
6879,1411279515
6880,450875484
6881,1948645196
6882,1098748559
6883,1786904916
6884,212943791
6885,1539908608
6886,1340064631
6887,1202929
6888,1970750800
6889,1870535198
6890,1937090329
6891,356700071
6892,1528828332
6893,768987589
6894,512945331
6895,140826030
6896,633237350
6897,588272764
6898,765295975
6899,1985837047
6900,362837098
6901,271119080
6902,913148544
6903,1713651277
6904,1969666972
6905,1212500686
6906,1354901752
6907,733830367
6908,379477761
6909,1062874636
6910,1842400038
6911,1483090070
6912,588523366
6913,2084364026
6914,1712927036
6915,449706463
6916,1318662201
6917,200576161
6918,1196704651
6919,2035594725
6920,1294911674
6921,1322978311
6922,387014260
6923,680204333
6924,557268601
6925,1508877958
6926,1653095365
6927,1923537751
6928,627079323
6929,34536543
6930,515893361
6931,808845629
6932,1021574600
6933,798111210
6934,101011019
6935,1573673617
6936,1871504392
6937,1066380866
6938,1478901381
6939,1095910786
6940,1701145429
6941,2038890859
6942,51751948
6943,1909089002
6944,801132875
6945,1935367338
6946,732910716
6947,871169704
6948,589184261
6949,731568455
6950,482334910
6951,1440254736
6952,1171416672
6953,261507996
6954,1408540358
6955,2074427710
6956,1052089306
6957,1121850437
6958,64641967
6959,1871691731
6960,39512698
6961,284318357
6962,219044786
6963,642535690
6964,962696937
6965,250562059
6966,797185702
6967,1047848123
6968,965268970
6969,2123757986
6970,356310069
6971,2026250934
6972,721967101
6973,2013472225
6974,883855544
6975,1873638858
6976,233025112
6977,1364877401
6978,2066589136
6979,2071088116
6980,1002565932
6981,68632221
6982,870684681
6983,1520669461
6984,1229173048
6985,958468490
6986,351143239
6987,2077946276
6988,2000025472
6989,1898666798
6990,354657618
6991,1644752247
6992,1157102533
6993,1620465405
6994,493660479
6995,885509475
6996,623407607
6997,664426580
6998,1974770794
6999,1240002672
7000,1487115627
7001,1061151334
7002,1160718093
7003,195881959
7004,1708367872
7005,1977535883
7006,2022872499
7007,1526852564
7008,1004520235
7009,184324797
7010,1155381553
7011,349857421
7012,1531440272
7013,972334777
7014,1398316439
7015,1839860762
7016,674811411
7017,1212142419
7018,1701163747
7019,119164630
7020,543315825
7021,238563294
7022,411244923
7023,1172189622
7024,361183652
7025,1067901221
7026,949316100
7027,1178483968
7028,796208246
7029,1071210549
7030,1581279113
7031,2114954926
7032,1049255774
7033,133430636
7034,261368865
7035,480712267
7036,1593961624
7037,1050890549
7038,375648167
7039,1907322580
7040,1763879998
7041,1111286744
7042,155180221
7043,661648613
7044,1061716320
7045,1982438870
7046,501513156
7047,680954861
7048,1813879131
7049,330745479
7050,1349147348
7051,696564099
7052,2136990824
7053,505875679
7054,256697940
7055,1062270335
7056,2071913235
7057,376888511
7058,1468963785
7059,499157823
7060,286617049
7061,1866655818
7062,2044114940
7063,908886888
7064,1760758595
7065,1321322394
7066,486943198
7067,1611603129
7068,1826814964
7069,723946394
7070,1943444311
7071,1793735875
7072,2113881822
7073,849970339
7074,1377238608
7075,947248779
7076,56968435
7077,1402982453
7078,1019553144
7079,295800163
7080,357155914
7081,1472386743
7082,1628524387
7083,1629806165
7084,872300434
7085,50843511
7086,653252804
7087,646526032
7088,629668011
7089,47737703
7090,301505590
7091,1633948513
7092,566126525
7093,1083456348
7094,640294395
7095,1093815581
7096,2084582272
7097,1856761800
7098,682156229
7099,1427373950
7100,1825176632
7101,509121700
7102,641089540
7103,1262230927
7104,406587876
7105,1388151946
7106,1696741133
7107,1268238637
7108,1490303737
7109,247343444
7110,921244545
7111,1175584649
7112,336853594
7113,1664250418
7114,1290539632
7115,1245574895
7116,1629793067
7117,2103078271
7118,1170980940
7119,960303465
7120,1506070187
7121,2083397494
7122,255716620
7123,1052087742
7124,1854855846
7125,1843424088
7126,2072985692
7127,750933563
7128,1747950443
7129,2080338558
7130,757567045
7131,769612153
7132,1409357524
7133,1574405904
7134,227110914
7135,2143208015
7136,1521228105
7137,587921655
7138,98054391
7139,1820736073
7140,426391859
7141,1856287770
7142,246673156
7143,1930566235
7144,1455469518
7145,1089055693
7146,962050561
7147,1468479730
7148,594759029
7149,1878234952
7150,224015196
7151,1286618703
7152,1829637248
7153,896843628
7154,959303765
7155,1107239825
7156,734237086
7157,341260293
7158,971288813
7159,1458509285
7160,730476613
7161,925046822
7162,710954043
7163,461953709
7164,168719346
7165,40499207
7166,13937934
7167,622147122
7168,1979897077
7169,885022402
7170,1215813703
7171,1848578516
7172,1806106073
7173,1013144656
7174,1774003849
7175,698116967
7176,394193704
7177,1609568673
7178,1763032238
7179,534124382
7180,831055986
7181,1423975637
7182,2144275664
7183,1490266288
7184,938214293
7185,651245283
7186,376682140
7187,1955939134
7188,965472585
7189,1376881733
7190,2088533240
7191,1638377708
7192,1521337006
7193,1704856944
7194,746552580
7195,573177247
7196,1250901103
7197,462163003
7198,1169404266
7199,265286768
7200,222307669
7201,1472898372
7202,236183211
7203,1115523487
7204,2092922310
7205,1136981735
7206,1493246474
7207,1456210926
7208,1879379843
7209,773958551
7210,365151945
7211,210594752
7212,205146041
7213,2052674529
7214,276124860
7215,938060559
7216,676084206
7217,244423567
7218,1278691073
7219,1102065104
7220,1415822542
7221,1286629754
7222,1240460400
7223,1253676070
7224,491710600
7225,274214211
7226,2026265237
7227,1834100607
7228,119899035
7229,348610832
7230,1840529139
7231,710686858
7232,1734798307
7233,185095145
7234,1452198959
7235,213942665
7236,644272682
7237,1593777262
7238,1052741457
7239,800048521
7240,1478712866
7241,1709459545
7242,1055659093
7243,2140751991
7244,733015048
7245,1083554421
7246,1290478617
7247,531228428
7248,499326469
7249,38599264
7250,224819140
7251,1960232701
7252,1717334506
7253,179872962
7254,751225118
7255,27387208
7256,183731064
7257,1404738508
7258,125221874
7259,1999872363
7260,960460191
7261,362678620
7262,1100417431
7263,629060706
7264,1353800293
7265,1866926733
7266,1479860814
7267,1178926397
7268,575270333
7269,153035714
7270,66458424
7271,1552211414
7272,1846767172
7273,1963280761
7274,1051720434
7275,1746797018
7276,476622251
7277,710058997
7278,1339909780
7279,170294002
7280,524180696
7281,1221415676
7282,1820999214
7283,87608470
7284,1778505689
7285,640753299
7286,1218862373
7287,1422606935
7288,727564534
7289,163286980
7290,782503079
7291,1585071373
7292,1319372591
7293,1426685194
7294,1728098058
7295,1258228300
7296,1166957577
7297,6968204
7298,444269029
7299,400798172
7300,220846015
7301,999813412
7302,2061409194
7303,415235477
7304,1103480119
7305,2072894157
7306,1905631960
7307,98192558
7308,1221528263
7309,1278154904
7310,1236425730
7311,1207811291
7312,137429708
7313,499825019
7314,1885663067
7315,1676742819
7316,277935421
7317,1871909075
7318,357124112
7319,1791497429
7320,333138897
7321,1787538686
7322,1342821527
7323,1274757185
7324,293556684
7325,756021833
7326,1775966308
7327,429147885
7328,2125674374
7329,818830350
7330,2023019473
7331,375720397
7332,1777586154
7333,1072199645
7334,1424147669
7335,1716514568
7336,1825468832
7337,1510898017
7338,2135896428
7339,1803200830
7340,979178816
7341,1948893562
7342,1473730491
7343,235059358
7344,1108578030
7345,1147729552
7346,7314196
7347,1990575593
7348,1217916886
7349,120513437
7350,954913387
7351,1250673611
7352,1716829530
7353,1929951806
7354,1837483395
7355,92754827
7356,1105883170
7357,1817433754
7358,719078768
7359,694382927
7360,1956062866
7361,1655424968
7362,1430067095
7363,1668733976
7364,1489005905
7365,1109036952
7366,577196045
7367,513398319
7368,1184964692
7369,1813285287
7370,1307461214
7371,1164662840
7372,790308051
7373,1350006908
7374,1367082025
7375,112316457
7376,476452274
7377,631480864
7378,508019110
7379,217959504
7380,1764112078
7381,781317276
7382,158981213
7383,502511604
7384,95455292
7385,397413006
7386,1369576019
7387,1673602242
7388,1211967911
7389,1341298426
7390,1723664400
7391,1737312096
7392,153148794
7393,449648985
7394,2107630866
7395,1977461027
7396,1984597339
7397,104491813
7398,621572099
7399,1242357918
7400,540845431
7401,983013165
7402,228986484
7403,1936127614
7404,1619609536
7405,1095801885
7406,587818309
7407,346180385
7408,823606612
7409,579416404
7410,28093003
7411,220632177
7412,1840502196
7413,1911864213
7414,139286175
7415,452454113
7416,501026261
7417,1687053585
7418,838980489
7419,827736370
7420,484627847
7421,1152516771
7422,2038020651
7423,982647122
7424,748346513
7425,598958702
7426,569173641
7427,99394148
7428,970606690
7429,1557020774
7430,10728666
7431,153675252
7432,749508566
7433,311141109
7434,21463886
7435,1045226741
7436,2105370711
7437,534591257
7438,488560355
7439,613005175
7440,509563003
7441,1982376744
7442,1468557145
7443,1047763413
7444,592081788
7445,1940096755
7446,814952986
7447,1338127347
7448,455598363
7449,2094550622
7450,489400353
7451,1643908680
7452,268869388
7453,1746070922
7454,1321139764
7455,239720126
7456,890245477
7457,159537565
7458,392018732
7459,1904662222
7460,1738614874
7461,695491018
7462,1115952729
7463,1219568838
7464,208097971
7465,255253825
7466,960179770
7467,1108984484
7468,1199343834
7469,1787087660
7470,889309751
7471,300275243
7472,2006136403
7473,1022769629
7474,1629457041
7475,448868857
7476,660990138
7477,1158295045
7478,1760141744
7479,1777814385
7480,1613619137
7481,1442502135
7482,1012004651
7483,284663309
7484,1111096869
7485,1655352647
7486,348766620
7487,1808390274
7488,1308513140
7489,771439200
7490,252091501
7491,1801566240
7492,164125274
7493,537666156
7494,1291086224
7495,1291273131
7496,1151418259
7497,164737599
7498,121799450
7499,1357899278
7500,838130633
7501,749294784
7502,626011569
7503,291476159
7504,1368473622
7505,2042993437
7506,465002874
7507,1771520978
7508,557920221
7509,1748464647
7510,1701164284
7511,844937593
7512,489527279
7513,711583902
7514,1196089262
7515,1212966875
7516,128311332
7517,1270158942
7518,1822699846
7519,265035341
7520,1256331744
7521,935274169
7522,1392878786
7523,1987491536
7524,1596485126
7525,204554316
7526,2039112026
7527,1841010286
7528,1745210427
7529,920345678
7530,1781079280
7531,1703860754
7532,2030493683
7533,1907193793
7534,98929436
7535,1978682033
7536,1349684035
7537,1877282827
7538,1026533072
7539,473915394
7540,601061143
7541,1660026729
7542,704343997
7543,1202544417
7544,450847939
7545,1679134954
7546,1152623504
7547,1536826121
7548,1125004305
7549,2060383027
7550,179792975
7551,1570438703
7552,1402646223
7553,1416261557
7554,668267375
7555,1024074596
7556,1002308474
7557,1202620462
7558,1553987992
7559,1717485649
7560,1319178557
7561,1125992412
7562,156819119
7563,76337913
7564,1946686287
7565,2085548754
7566,1135662741
7567,761131316
7568,802798390
7569,1392886561
7570,1790443969
7571,850996163
7572,30791040
7573,1053437508
7574,415587649
7575,1126522219
7576,2128383189
7577,1297922581
7578,2064096583
7579,1248584799
7580,944210887
7581,787405839
7582,471975337
7583,510331118
7584,833554797
7585,357560985
7586,1127793249
7587,226381177
7588,497826133
7589,1637871199
7590,28097426
7591,607357312
7592,1735510032
7593,1762474093
7594,271217338
7595,801536824
7596,1669637634
7597,263065523
7598,924759032
7599,137610336
7600,187901848
7601,1543976854
7602,95028630
7603,603643265
7604,2064668849
7605,970907024
7606,1422601871
7607,545597211
7608,55160768
7609,340267820
7610,744819759
7611,1759356959
7612,1050817778
7613,47949002
7614,1344704810
7615,13061019
7616,1154289580
7617,594755097
7618,2061142528
7619,1515789352
7620,360963490
7621,1747036613
7622,655668573
7623,1004114674
7624,2065445098
7625,480594311
7626,1535764522
7627,667913019
7628,901927366
7629,1620788850
7630,1797237328
7631,519958598
7632,77673406
7633,2069879864
7634,1939323766
7635,1766374305
7636,311963533
7637,1962443518
7638,1133283219
7639,1972495898
7640,143815976
7641,111555391
7642,846359399
7643,2143929165
7644,616437222
7645,1996865537
7646,1569948175
7647,832349659
7648,970075307
7649,1709497749
7650,1709730090
7651,1002852353
7652,1646717232
7653,1126303181
7654,332850347
7655,777672953
7656,707535961
7657,1232019807
7658,646943811
7659,1473622615
7660,889082668
7661,1438132880
7662,1884184225
7663,1456772665
7664,35252496
7665,421744320
7666,229336034
7667,116510217
7668,174566051
7669,1339800401
7670,1167217114
7671,1782778042
7672,1956914976
7673,1594036641
7674,111618986
7675,548105496
7676,1584282460
7677,1068826710
7678,230583285
7679,1681974752
7680,1625990283
7681,640725559
7682,1326010575
7683,817151375
7684,9919721
7685,1146278074
7686,1633754946
7687,292627418
7688,1718089739
7689,2064407023
7690,1304061952
7691,1848261124
7692,915193624
7693,1994506190
7694,1667040821
7695,990999870
7696,1037472664
7697,1952669292
7698,711779745
7699,1257912636
7700,1217191837
7701,705619905
7702,868204984
7703,710764165
7704,1499041598
7705,985337154
7706,802354186
7707,1698893998
7708,15060354
7709,1706418206
7710,1810442836
7711,433241857
7712,678720132
7713,1005547301
7714,1937782885
7715,1336078789
7716,1536893659
7717,2109140672
7718,1693513034
7719,1359933006
7720,872624080
7721,1572984627
7722,149124229
7723,352679938
7724,1539844429
7725,110681294
7726,503708335
7727,401945337
7728,1568422340
7729,1664797438
7730,315894671
7731,1702865947
7732,252071190
7733,908923655
7734,1134553927
7735,199311425
7736,1721533864
7737,1585120742
7738,1117801503
7739,766292125
7740,60999179
7741,113468049
7742,1202879205
7743,966303833
7744,1602935862
7745,326035705
7746,396747484
7747,1455090702
7748,1659655490
7749,1916339101
7750,1448936441
7751,114904028
7752,1431521079
7753,1122379211
7754,1218922806
7755,566299012
7756,1252887510
7757,2137568130
7758,1302253080
7759,1651884694
7760,277859337
7761,1751975149
7762,792378134
7763,1146412429
7764,2074895023
7765,1806630330
7766,236082883
7767,2012852540
7768,405042965
7769,162737314
7770,1522609740
7771,1973084765
7772,818856738
7773,470468288
7774,1453136880
7775,913724183
7776,1478687583
7777,1555712976
7778,1417704806
7779,1243468545
7780,1153448264
7781,462873473
7782,1654068002
7783,609620981
7784,61371401
7785,1337004128
7786,755847116
7787,584198014
7788,2049284296
7789,12591995
7790,957579003
7791,723014629
7792,292762308
7793,1330693137
7794,571235637
7795,1246006958
7796,1033365137
7797,574912847
7798,484187379
7799,1632455692
7800,96491507
7801,433183364
7802,1591967367
7803,1517260111
7804,1376835738
7805,243960996
7806,1940698816
7807,969627692
7808,991579827
7809,2107513536
7810,309140886
7811,1692791173
7812,198086282
7813,1367051339
7814,290182929
7815,1123822379
7816,930774506
7817,147091877
7818,1976067247
7819,1228243630
7820,1724195603
7821,1367212717
7822,639389620
7823,225410062
7824,1340613406
7825,988556233
7826,669478904
7827,1511274458
7828,1533820732
7829,548817153
7830,769538715
7831,1588733705
7832,1049364848
7833,1190217748
7834,811505523
7835,99813296
7836,1753524902
7837,310606165
7838,1844115690
7839,1767407034
7840,1356810895
7841,2125019767
7842,1306314192
7843,1821546275
7844,1722375827
7845,1176894683
7846,672196124
7847,1346105699
7848,1657492571
7849,1428434067
7850,1300762259
7851,830379349
7852,1076450544
7853,1334780871
7854,738243929
7855,24260733
7856,380842276
7857,1365586265
7858,904125831
7859,403260196
7860,1764091389
7861,301631758
7862,595352440
7863,1711968967
7864,169043702
7865,405676955
7866,1454440331
7867,702264178
7868,1687218024
7869,237457330
7870,662493121
7871,138994832
7872,1696508751
7873,1356618613
7874,1548796033
7875,1271034537
7876,165287071
7877,1239583086
7878,1398872434
7879,1392978763
7880,1470946990
7881,1129814756
7882,1912380988
7883,1999593635
7884,1526103752
7885,277634163
7886,1546686656
7887,680541641
7888,566995520
7889,2122261494
7890,43446464
7891,538158789
7892,1535752662
7893,1621062869
7894,1217580420
7895,880891054
7896,1134890605
7897,1119876242
7898,1420233255
7899,548951378
7900,774281704
7901,945511669
7902,1080467411
7903,1042895820
7904,1639311760
7905,1578390860
7906,347485348
7907,1511448031
7908,2135031829
7909,1112754243
7910,1241558337
7911,2131084498
7912,886202722
7913,1120998949
7914,2141317848
7915,422202318
7916,718212165
7917,21173924
7918,139928763
7919,729573075
7920,519583892
7921,734872586
7922,658346555
7923,2091196442
7924,1851366266
7925,1878306696
7926,2091959994
7927,509097395
7928,1254379454
7929,946989162
7930,135532083
7931,1367377189
7932,887374901
7933,60982069
7934,8014791
7935,561067857
7936,1724415711
7937,830078060
7938,440310677
7939,1251994624
7940,1573456218
7941,1934345950
7942,1446997582
7943,685160082
7944,1289855926
7945,1976038087
7946,981037130
7947,496784039
7948,1896429117
7949,1032421359
7950,1677252412
7951,256928240
7952,1304318087
7953,1402321777
7954,2084418712
7955,2019391574
7956,921326838
7957,1118918270
7958,1895587097
7959,1943107916
7960,590083778
7961,1320081637
7962,1755991395
7963,1790337734
7964,441917321
7965,1002492462
7966,1310770384
7967,2119737208
7968,2050992361
7969,712319196
7970,1238224146
7971,693708882
7972,183191939
7973,1758994529
7974,847820701
7975,1035146008
7976,506108504
7977,1872484002
7978,433276998
7979,10416228
7980,1963694451
7981,720286915
7982,1870877111
7983,849466392
7984,1803138385
7985,841048236
7986,1722807015
7987,123669917
7988,2026292640
7989,409842726
7990,1395947937
7991,754513616
7992,1743971149
7993,1337764529
7994,1850878332
7995,146216351
7996,1576114376
7997,815288218
7998,1804674646
7999,665217767
8000,2037056018
8001,840037570
8002,1018926285
8003,2094496243
8004,289672271
8005,226731269
8006,1250341690
8007,781851070
8008,1547777937
8009,6613220
8010,47637377
8011,7703864
8012,473551026
8013,1725504723
8014,318560165
8015,1607149858
8016,1483859205
8017,99474000
8018,466841506
8019,419154408
8020,888827915
8021,325821912
8022,50069664
8023,791846096
8024,880354792
8025,368904586
8026,1041896859
8027,1276716983
8028,1910819403
8029,1664052025
8030,146606965
8031,1621297991
8032,1439482658
8033,11197212
8034,2034629616
8035,997065378
8036,31584120
8037,105433194
8038,1446896235
8039,2041725046
8040,1135626704
8041,669222314
8042,1251325902
8043,348396995
8044,2046617675
8045,1891113303
8046,1195113044
8047,783985036
8048,384340729
8049,1674099128
8050,950711941
8051,1855993686
8052,2066846786
8053,1446815401
8054,1786624030
8055,1420175834
8056,1969118217
8057,495859564
8058,1469760349
8059,549530574
8060,464342558
8061,2105918330
8062,174187225
8063,91839034
8064,1550072438
8065,1810318602
8066,1568886767
8067,1485178347
8068,681075499
8069,502543960
8070,680523889
8071,1668515150
8072,670411992
8073,25648100
8074,1008511548
8075,1552276370
8076,283951263
8077,1202797320
8078,395780012
8079,2144880042
8080,1933747188
8081,1906413732
8082,1831529407
8083,1959355864
8084,1319112838
8085,1703806844
8086,577778563
8087,310855056
8088,1129481894
8089,904508336
8090,1951507856
8091,665414762
8092,2074738659
8093,929551133
8094,668824870
8095,2047935355
8096,1569554468
8097,126990385
8098,940381203
8099,38974354
8100,534786946
8101,231045571
8102,1798330091
8103,373763547
8104,1706254074
8105,1126901011
8106,1971873651
8107,1724818629
8108,1443815682
8109,1286873973
8110,1816806093
8111,1753287295
8112,1035116589
8113,1810808163
8114,705953377
8115,1692881057
8116,663676434
8117,1299954560
8118,956879791
8119,33222083
8120,637697263
8121,1014371803
8122,575078738
8123,2114322467
8124,1729229899
8125,59995831
8126,1774489297
8127,1015137360
8128,692230862
8129,595554314
8130,1050344361
8131,1136215470
8132,1641334145
8133,653251476
8134,1087712381
8135,313738700
8136,1160802814
8137,120833054
8138,1061529118
8139,94594600
8140,344895327
8141,795761167
8142,1023696214
8143,1402332336
8144,1298182211
8145,1437997171
8146,63661954
8147,907916705
8148,1705893673
8149,890531710
8150,1592813027
8151,10498148
8152,2058313313
8153,1491047872
8154,1803084882
8155,372336830
8156,249228
8157,679469306
8158,1521505680
8159,1164151409
8160,156439517
8161,563602928
8162,1916677947
8163,1591096001
8164,754342256
8165,1914382128
8166,1155096842
8167,992697964
8168,14989202
8169,863732213
8170,1841855539
8171,1749015785
8172,250640315
8173,1066763345
8174,1506333692
8175,1413762627
8176,528739886
8177,351498867
8178,1316682377
8179,1534461412
8180,1935710529
8181,2099982459
8182,2039604285
8183,624042649
8184,1169350437
8185,2078226822
8186,1747758373
8187,2131468944
8188,1592885007
8189,1898120529
8190,683379777
8191,1380729642
8192,124253164
8193,730989561
8194,1098863872
8195,1437085494
8196,2117997681
8197,228315618
8198,1883919408
8199,240000158
8200,1051247272
8201,123642397
8202,1668501378
8203,256987226
8204,530522062
8205,1878305718
8206,922683312
8207,1956622112
8208,2139644940
8209,192148128
8210,674176095
8211,271603445
8212,2000859957
8213,623685840
8214,681270526
8215,1886178727
8216,890053686
8217,989747295
8218,1898505254
8219,360412294
8220,92342969
8221,1284254713
8222,632613126
8223,1029219860
8224,800609525
8225,383955264
8226,362661548
8227,972292172
8228,1935915719
8229,2017845722
8230,1179080100
8231,1127560278
8232,1837309478
8233,1979215757
8234,1766535366
8235,1593410675
8236,1917273195
8237,1370123361
8238,165781612
8239,1776314458
8240,1430003162
8241,133055224
8242,1892567009
8243,347334176
8244,930610569
8245,1070664801
8246,1573693401
8247,1345617700
8248,213533021
8249,909296312
8250,1175304091
8251,1803366062
8252,1473579827
8253,72952998
8254,994890372
8255,588359602
8256,876943275
8257,487074895
8258,1310218772
8259,1093096296
8260,1266174396
8261,49624102
8262,998071534
8263,1648242578
8264,1984356563
8265,2044316509
8266,209081165
8267,434277510
8268,1716086454
8269,1766241927
8270,354463194
8271,955364132
8272,581347533
8273,1026192807
8274,1889977280
8275,1508617109
8276,419525905
8277,1786911959
8278,1651181106
8279,1372326282
8280,1180323213
8281,1377827895
8282,132477095
8283,1119061681
8284,790117769
8285,1154477899
8286,820069491
8287,979234687
8288,1528573354
8289,388538461
8290,1936913445
8291,1087715472
8292,1274871101
8293,320705690
8294,1036014043
8295,1323116299
8296,1569675205
8297,937189573
8298,1230325912
8299,1738537163
8300,714083196
8301,1863274070
8302,124828055
8303,1818251999
8304,580895619
8305,8510696
8306,1058965314
8307,1880422119
8308,1364993234
8309,821237882
8310,1241680252
8311,1497407389
8312,295657346
8313,321970033
8314,283951456
8315,1869196936
8316,1035572127
8317,415822166
8318,476599194
8319,1347576284
8320,1238819727
8321,1546791203
8322,678843236
8323,1295917896
8324,81709185
8325,681306138
8326,587356598
8327,2049914621
8328,126821088
8329,1946648917
8330,558143389
8331,1179700902
8332,295890570
8333,1611160863
8334,1887208950
8335,1786625621
8336,48261061
8337,319097263
8338,1539277746
8339,244362921
8340,138967419
8341,347994540
8342,559255263
8343,1875362000
8344,173405669
8345,103249486
8346,1892428113
8347,2146971008
8348,1460953883
8349,4799959
8350,1603331243
8351,1926622135
8352,452587512
8353,307560208
8354,1497081828
8355,1764214704
8356,1471792612
8357,12227273
8358,1282078770
8359,1422714412
8360,1064306688
8361,1355495648
8362,1510463259
8363,769039069
8364,647269766
8365,469044778
8366,1834533271
8367,1757365649
8368,495019772
8369,307712208
8370,777124564
8371,741834551
8372,148676898
8373,1164579232
8374,1806587059
8375,468543077
8376,1577347007
8377,788665487
8378,1549840498
8379,161522685
8380,881072289
8381,786373944
8382,2134640900
8383,215564789
8384,816104786
8385,875846030
8386,1292471902
8387,251979327
8388,1118370148
8389,37950620
8390,695670552
8391,770819528
8392,1014313944
8393,179674672
8394,297050936
8395,282097363
8396,770261412
8397,81637584
8398,2013483507
8399,43301675
8400,1065698337
8401,169233252
8402,50195275
8403,605474938
8404,17969458
8405,1380075911
8406,1328778291
8407,1300227210
8408,586598817
8409,1031170772
8410,190128552
8411,311803089
8412,1809557478
8413,869352029
8414,1875277095
8415,666388554
8416,1197327291
8417,820326755
8418,661886362
8419,2093387004
8420,259282244
8421,1647031975
8422,667852703
8423,1234259418
8424,44054567
8425,1089989376
8426,799988533
8427,913797021
8428,2128566601
8429,340873083
8430,1470720368
8431,575320737
8432,1197088099
8433,1035201971
8434,420017932
8435,1358901832
8436,839108348
8437,297641008
8438,961235600
8439,648565848
8440,679106647
8441,1175752794
8442,1627645
8443,768306566
8444,1817433528
8445,1606838985
8446,416244285
8447,101146797
8448,905258084
8449,645528948
8450,935463885
8451,1980115726
8452,406077799
8453,1069579135
8454,635718091
8455,964625332
8456,1859672606
8457,1016708321
8458,474237558
8459,744545745
8460,1259318238
8461,331073903
8462,1667097011
8463,274820863
8464,1593388595
8465,525090414
8466,345843829
8467,1577052194
8468,1488997081
8469,2020697930
8470,1898008526
8471,1090765037
8472,1165779413
8473,982991780
8474,744605963
8475,483814764
8476,456503443
8477,2058056078
8478,1216762477
8479,1569107948
8480,764655462
8481,262394113
8482,1586958486
8483,981227377
8484,1838685334
8485,35938898
8486,338372710
8487,1903376971
8488,856694050
8489,1194221807
8490,1619590863
8491,1206699992
8492,164435973
8493,484820185
8494,1325355355
8495,932313646
8496,1028410642
8497,922273726
8498,1883359143
8499,2052901858
8500,1877636743
8501,56077693
8502,1476117149
8503,2014869281
8504,719481677
8505,1337633197
8506,1003403975
8507,103979644
8508,743781068
8509,413088750
8510,1687529088
8511,658786008
8512,1985834590
8513,1943073632
8514,1611583089
8515,885430091
8516,1183745929
8517,698723586
8518,1472270609
8519,1951977646
8520,279915305
8521,766085829
8522,1517152240
8523,47928423
8524,1163148014
8525,1857326791
8526,402341487
8527,238603246
8528,1285270716
8529,1384407424
8530,1119911457
8531,279564164
8532,1073664342
8533,1086062865
8534,442108321
8535,285250476
8536,720246639
8537,1955319859
8538,87422732
8539,1261990709
8540,1379542293
8541,67411216
8542,412857879
8543,1033497009
8544,596635417
8545,1231333356
8546,1817796458
8547,692779766
8548,1448798988
8549,809755168
8550,414880141
8551,547146291
8552,658341519
8553,1723514310
8554,1944020947
8555,1747900341
8556,1659202676
8557,883202377
8558,1778425373
8559,1495594954
8560,312409738
8561,798233637
8562,1224578167
8563,1482313780
8564,1653325094
8565,197601599
8566,1638784088
8567,1677603384
8568,1714399395
8569,432174784
8570,1147816402
8571,619915724
8572,1052534679
8573,1167444925
8574,452474767
8575,1295149942
8576,834344033
8577,495213215
8578,1715105195
8579,1439437406
8580,424777117
8581,345427893
8582,427184915
8583,1753827061
8584,296580200
8585,2141617483
8586,1380033837
8587,893054384
8588,280120733
8589,1874163327
8590,1840572593
8591,1549031742
8592,1793606720
8593,1346210550
8594,30712461
8595,322515018
8596,1770575059
8597,591593409
8598,944799931
8599,504685764
8600,1215983172
8601,1571120325
8602,505765715
8603,850845941
8604,1344689734
8605,1546961790
8606,1722294543
8607,9494753
8608,266576652
8609,1660992940
8610,635098265
8611,440349702
8612,771799526
8613,392942080
8614,1428783451
8615,916422863
8616,1775510360
8617,500073621
8618,1133271634
8619,1236973237
8620,611903498
8621,1920486774
8622,1367948579
8623,1142122061
8624,1864785497
8625,100910979
8626,260251514
8627,645499530
8628,513651201
8629,977239496
8630,1370674389
8631,751925602
8632,453015025
8633,1979008992
8634,224304837
8635,1649360381
8636,668092942
8637,1446943753
8638,441507597
8639,135849183
8640,321404047
8641,682255217
8642,715178868
8643,463644204
8644,1693347593
8645,1277190823
8646,1224675446
8647,299990799
8648,426667507
8649,2032763280
8650,663150982
8651,2085116192
8652,928333037
8653,2103287482
8654,1872762052
8655,412941484
8656,304008788
8657,1266096546
8658,1850489169
8659,1297003611
8660,2144275111
8661,1102695316
8662,1863850213
8663,2072994613
8664,813051696
8665,448354570
8666,697638739
8667,467925896
8668,1019098288
8669,74472778
8670,853320270
8671,957493849
8672,472472439
8673,1425047392
8674,158184183
8675,1437104301
8676,611941160
8677,1359336044
8678,1404627633
8679,828946789
8680,526756084
8681,676857532
8682,309354957
8683,1151671025
8684,1269278141
8685,784623662
8686,1159750609
8687,657295482
8688,81671270
8689,1278354144
8690,1050277141
8691,1125022875
8692,327273239
8693,1782582773
8694,2104806373
8695,1008029612
8696,573166315
8697,1304226894
8698,1311627740
8699,291797180
8700,677938671
8701,596005591
8702,1447554414
8703,105524067
8704,259162532
8705,818366582
8706,87991319
8707,1015758365
8708,394092874
8709,1491741173
8710,113027015
8711,1294638849
8712,482282169
8713,1906702147
8714,970555888
8715,1335567526
8716,1971154144
8717,142329119
8718,25929532
8719,1061351024
8720,185065338
8721,1872958551
8722,364417531
8723,1636495790
8724,1201717926
8725,1221209428
8726,1179904255
8727,93946166
8728,1780513830
8729,1820734954
8730,1403934939
8731,394679215
8732,259689203
8733,1918836942
8734,2046839054
8735,612591324
8736,320673616
8737,102493512
8738,1959837878
8739,455352162
8740,2019411865
8741,1834704930
8742,965113614
8743,915637256
8744,808832772
8745,733180372
8746,482598364
8747,642574616
8748,1306880086
8749,74369792
8750,338552812
8751,1590909521
8752,1794992783
8753,2061407647
8754,1722631587
8755,329232976
8756,1965180329
8757,1340330593
8758,1574746691
8759,1734561387
8760,420962804
8761,1816085286
8762,204932731
8763,758099833
8764,1333772278
8765,1494830904
8766,2002794289
8767,166821556
8768,1748908589
8769,1413587664
8770,567569487
8771,1373914300
8772,403204639
8773,723632620
8774,1619603329
8775,778559984
8776,139506302
8777,315596037
8778,588986900
8779,1451028405
8780,1197301031
8781,476228254
8782,926518278
8783,2129740584
8784,936284255
8785,1390116826
8786,1414630035
8787,622978019
8788,396811391
8789,547492355
8790,1273502335
8791,1973231540
8792,1030859764
8793,184556818
8794,47338381
8795,2023334939
8796,194088528
8797,1324910068
8798,1677242334
8799,1499773962
8800,1095196564
8801,1901609843
8802,977884559
8803,1709350808
8804,954396242
8805,1550595017
8806,667243541
8807,1534350907
8808,1495958288
8809,1266515274
8810,1342999707
8811,1982641150
8812,329777967
8813,1426316871
8814,1101200652
8815,1187248937
8816,1705111952
8817,44341213
8818,1309300991
8819,247780127
8820,1503822075
8821,830451873
8822,1312806809
8823,172482693
8824,2127365306
8825,2088654283
8826,1774280991
8827,292381388
8828,251930587
8829,546500712
8830,1714166916
8831,726653698
8832,1859757386
8833,837615041
8834,130068442
8835,537234434
8836,588657077
8837,216517109
8838,79922582
8839,1956184236
8840,1978355815
8841,1700967175
8842,789140926
8843,2062218594
8844,688452135
8845,1699235260
8846,1721861265
8847,1269991652
8848,1799149862
8849,1594598287
8850,392635683
8851,644011503
8852,1976621367
8853,846293747
8854,834776530
8855,675709501
8856,494544174
8857,1830998119
8858,686883263
8859,763050456
8860,260551963
8861,1819973534
8862,1669280505
8863,1115131444
8864,1995631191
8865,950975425
8866,1188690222
8867,1319162800
8868,503221037
8869,224603780
8870,753378683
8871,924286757
8872,1130985443
8873,659131666
8874,884346720
8875,903149474
8876,1300693558
8877,1561254727
8878,1842431257
8879,781850221
8880,713634251
8881,1074267555
8882,188727816
8883,1739212852
8884,1700290757
8885,2048227434
8886,608048310
8887,1176094782
8888,2135054850
8889,1833791349
8890,1551771642
8891,60188853
8892,282354541
8893,300719507
8894,503104918
8895,1468603973
8896,694745115
8897,1171261899
8898,798698500
8899,347603474
8900,2000989164
8901,1652488028
8902,1707865934
8903,210859198
8904,568539396
8905,277054951
8906,1578661131
8907,1273715012
8908,1438708223
8909,327912176
8910,1808545109
8911,1604031433
8912,1639994605
8913,243454901
8914,1522738654
8915,671973215
8916,38750385
8917,387225040
8918,1757451040
8919,592443275
8920,2071072346
8921,30662998
8922,417937247
8923,1087924268
8924,487621062
8925,1007976979
8926,916940090
8927,1786837269
8928,37878470
8929,604357468
8930,1061663941
8931,1504442050
8932,1768995405
8933,765349471
8934,103291510
8935,1113459079
8936,523347558
8937,407470695
8938,616153667
8939,174701240
8940,991409920
8941,438630953
8942,804462000
8943,1682942409
8944,1276451986
8945,1713300938
8946,6710664
8947,1486537202
8948,1512325351
8949,141649755
8950,1207607305
8951,1967296387
8952,1862348473
8953,2130217483
8954,720023110
8955,17972536
8956,1615266144
8957,1941331520
8958,301558336
8959,1903299877
8960,1389378681
8961,1277057485
8962,575065116
8963,1767196132
8964,1747328624
8965,1348968140
8966,1099003123
8967,1513199751
8968,838372079
8969,1304422531
8970,811762138
8971,854361773
8972,994700189
8973,1485266448
8974,1177332290
8975,60734188
8976,1444421978
8977,150130505
8978,301302167
8979,350896426
8980,1976381856
8981,276405489
8982,1879206242
8983,962520540
8984,1690418302
8985,1262665179
8986,1327934561
8987,1737227910
8988,1511786349
8989,1030822015
8990,1520940385
8991,670567907
8992,1975259639
8993,1123643584
8994,963448058
8995,1841556814
8996,278854962
8997,756857229
8998,1950573008
8999,1298665326
9000,2069451391
9001,705614699
9002,984721890
9003,355589073
9004,1212171556
9005,1859278299
9006,85295471
9007,1951231247
9008,1211660051
9009,753790207
9010,1074630003
9011,321160680
9012,2126366358
9013,1587401067
9014,410621082
9015,1298273972
9016,2079465727
9017,2125489999
9018,716148374
9019,658478355
9020,867001238
9021,213252365
9022,52492637
9023,1859126058
9024,1588493064
9025,1913413335
9026,773868633
9027,459633326
9028,633170425
9029,1070491478
9030,658326361
9031,1557185150
9032,1442321857
9033,1007069718
9034,278303181
9035,1250792772
9036,2095630922
9037,381189551
9038,1727183134
9039,374362431
9040,1683200730
9041,565898219
9042,1888243277
9043,964451527
9044,706053637
9045,220431556
9046,1554997971
9047,1678556371
9048,84703967
9049,1389532772
9050,1749820183
9051,1330658268
9052,1153697369
9053,272297821
9054,677693627
9055,944924032
9056,1096910756
9057,1370628784
9058,993962808
9059,1967087696
9060,1335579089
9061,2058715953
9062,1076850930
9063,598929537
9064,65453322
9065,1388356213
9066,498756763
9067,607250455
9068,1797112597
9069,667421422
9070,285944585
9071,168438729
9072,1542173181
9073,655107898
9074,993418399
9075,1994422474
9076,931001364
9077,995176156
9078,1173988910
9079,1827821337
9080,1672736604
9081,757814502
9082,1669740536
9083,1000573113
9084,546470556
9085,1596734495
9086,167688779
9087,47341087
9088,1195943905
9089,237647339
9090,1989669174
9091,653162748
9092,1347047863
9093,1309024506
9094,1711000020
9095,425108284
9096,1018930233
9097,1004291699
9098,1848710299
9099,1722312782
9100,512638292
9101,1396516762
9102,264068319
9103,1845219293
9104,1598357156
9105,2098666574
9106,2031599553
9107,1994177165
9108,1801032907
9109,1754587526
9110,556749348
9111,1637560067
9112,572644167
9113,1025614514
9114,1803241954
9115,1822555758
9116,1808570919
9117,509198340
9118,309458127
9119,257981872
9120,531885334
9121,1171698653
9122,239412030
9123,1677220478
9124,861917817
9125,1996398550
9126,1157027072
9127,1061591010
9128,1621699849
9129,1365308988
9130,1049942269
9131,787978103
9132,1449435094
9133,920825715
9134,1383577114
9135,225062652
9136,1465992511
9137,1188321052
9138,1926211294
9139,1532948859
9140,699092406
9141,1012517345
9142,1224315033
9143,838593560
9144,2051613349
9145,1510850904
9146,1336463435
9147,962747571
9148,1305404401
9149,719348299
9150,1912468422
9151,1374623711
9152,266073593
9153,1284135116
9154,902949889
9155,1548671828
9156,1178977442
9157,40809854
9158,1300062340
9159,1413861719
9160,653825289
9161,1075940790
9162,663268116
9163,82153528
9164,1358561300
9165,1859442215
9166,473306696
9167,523678250
9168,840119125
9169,545131306
9170,1118475017
9171,59373000
9172,494878172
9173,1883926039
9174,1408317265
9175,1055683165
9176,1077611110
9177,1888450542
9178,785444036
9179,1832166824
9180,1844101649
9181,1337545932
9182,1459475127
9183,1442812737
9184,1651820699
9185,360234515
9186,1275299829
9187,337445459
9188,173208453
9189,749533713
9190,529640628
9191,1377238909
9192,1003580490
9193,1526812306
9194,1354134731
9195,1479198559
9196,1947322327
9197,777722036
9198,688341857
9199,1586522648
9200,1880687690
9201,590315688
9202,1854873471
9203,934438119
9204,1259081271
9205,1036742971
9206,977303507
9207,362606959
9208,339889988
9209,1615190813
9210,766890347
9211,1557804461
9212,456572634
9213,353514087
9214,2022062676
9215,1892484282
9216,340456978
9217,256369674
9218,906378508
9219,1648482010
9220,1818896948
9221,959768001
9222,1348925846
9223,1839217347
9224,1738022831
9225,1640846906
9226,895323848
9227,459074306
9228,1063127518
9229,1144418696
9230,1494861884
9231,822248526
9232,1792280938
9233,928806177
9234,642312136
9235,1966528726
9236,209065964
9237,629174399
9238,133061624
9239,2055181391
9240,1158241264
9241,636197844
9242,323101038
9243,1040348058
9244,99338516
9245,368847884
9246,1084067073
9247,1713503931
9248,1731721338
9249,626823397
9250,1404345457
9251,1445394277
9252,1849288937
9253,517025187
9254,1373549153
9255,1179766245
9256,2121395726
9257,1399601447
9258,656828525
9259,1626758005
9260,660086013
9261,1653860485
9262,294720624
9263,862161687
9264,1829799047
9265,1843749780
9266,1791425134
9267,1337872800
9268,816860178
9269,1474704218
9270,921013701
9271,2079626167
9272,1100117530
9273,575975332
9274,1017939359
9275,790823486
9276,1514453109
9277,1251967741
9278,606153472
9279,1392632697
9280,552178287
9281,2049364722
9282,808717096
9283,705306325
9284,1491855424
9285,1694718610
9286,391049453
9287,20630285
9288,843929590
9289,1746677491
9290,67603095
9291,1375307628
9292,1877056893
9293,454987035
9294,201575672
9295,1860727156
9296,2095618021
9297,1538368116
9298,112044986
9299,1033249827
9300,1294967232
9301,620874336
9302,1800157599
9303,255406647
9304,1480684882
9305,1022945854
9306,1168300706
9307,1093400857
9308,1563358020
9309,1673470079
9310,585907937
9311,1959549472
9312,1943665070
9313,1568978340
9314,1018021671
9315,412856093
9316,956315457
9317,278695774
9318,1409858240
9319,1369170502
9320,1721412422
9321,54946412
9322,515656045
9323,1882588619
9324,1078824218
9325,1217805496
9326,128619678
9327,1860808945
9328,34332450
9329,824384471
9330,1414427996
9331,317356728
9332,1033895082
9333,1097081036
9334,966379267
9335,2138493040
9336,651366270
9337,2038020767
9338,737172124
9339,1427714130
9340,2046926266
9341,1554405570
9342,1359989884
9343,432956722
9344,1902457206
9345,1233936833
9346,290257786
9347,760968751
9348,1124136101
9349,1838027128
9350,1049012863
9351,358285531
9352,485528234
9353,183895679
9354,852949296
9355,1587449537
9356,232430643
9357,605840376
9358,734436879
9359,145008101
9360,1755218233
9361,1815696116
9362,1137426522
9363,1128868579
9364,1706102829
9365,494647223
9366,90604560
9367,1339219682
9368,1184108256
9369,1235551356
9370,439935104
9371,921696511
9372,998870288
9373,992708402
9374,908100846
9375,139311995
9376,1366636090
9377,1035216629
9378,54800173
9379,1449031457
9380,1380396696
9381,1659578641
9382,1868248905
9383,749662226
9384,842830721
9385,498417086
9386,1703213622
9387,1064538551
9388,1008709747
9389,1173926761
9390,1947761845
9391,1509015138
9392,658029736
9393,1774305177
9394,953622324
9395,636385533
9396,558659112
9397,983900305
9398,612459975
9399,1699614047
9400,2075580190
9401,1151950192
9402,1363771578
9403,876985265
9404,1071831707
9405,169358732
9406,1386062600
9407,1792789751
9408,162500538
9409,1851525653
9410,1797527193
9411,1237933845
9412,1147943348
9413,2013854863
9414,228936217
9415,425291261
9416,31532429
9417,505706098
9418,933786182
9419,1397194252
9420,1430729537
9421,1484794828
9422,1174246367
9423,1936188140
9424,1402262575
9425,525940996
9426,1160798151
9427,1791200183
9428,1173490723
9429,61376124
9430,416484595
9431,1914152544
9432,1059394953
9433,286519373
9434,1871670931
9435,1555127191
9436,1616920968
9437,205728286
9438,1395460654
9439,2014212286
9440,84368633
9441,355708937
9442,971792698
9443,1366989232
9444,151561169
9445,6451503
9446,1729935564
9447,1344657632
9448,797314790
9449,1015869435
9450,2142469811
9451,1144991437
9452,1979637969
9453,1099477056
9454,128010298
9455,1871269983
9456,249483064
9457,2063556670
9458,457429803
9459,1871519336
9460,1791456604
9461,1947048954
9462,1870604202
9463,604471680
9464,1599588511
9465,1046223
9466,889519008
9467,353279021
9468,1218337721
9469,308322645
9470,355235517
9471,894080951
9472,1868336897
9473,993822901
9474,386470806
9475,1526281918
9476,1942183596
9477,261067353
9478,145133439
9479,1477055023
9480,2024039947
9481,390359632
9482,1658662544
9483,2084310934
9484,439479650
9485,729951494
9486,1003705104
9487,730750698
9488,972458944
9489,320582623
9490,936612343
9491,826404311
9492,558670918
9493,2018677706
9494,818738447
9495,2057363753
9496,571885957
9497,114074687
9498,257285145
9499,499431386
9500,1071372244
9501,571270976
9502,1398732338
9503,1001401763
9504,2142321246
9505,1178885181
9506,275393618
9507,1193480693
9508,395855432
9509,1164590572
9510,1257021944
9511,900086297
9512,1284518766
9513,1151271473
9514,288059165
9515,1489317815
9516,856925111
9517,1701275846
9518,1894978540
9519,1331002282
9520,1111948543
9521,958079869
9522,1707658672
9523,1386244698
9524,1646352466
9525,185852983
9526,1079158022
9527,1690396647
9528,1526399022
9529,449287464
9530,580475703
9531,1262757541
9532,1247642253
9533,2058062605
9534,105764138
9535,1353128149
9536,430881767
9537,789880867
9538,1456606930
9539,798801047
9540,153412124
9541,1668929171
9542,1115095116
9543,2089708176
9544,1101054512
9545,1906361158
9546,1887228831
9547,565782014
9548,1917940880
9549,780988915
9550,618495730
9551,111359598
9552,568928277
9553,1519559470
9554,1852794450
9555,1427224102
9556,946469746
9557,1864173673
9558,1544793637
9559,239468790
9560,574617301
9561,42936805
9562,184116943
9563,1652426196
9564,447160122
9565,815032186
9566,1909549484
9567,563054191
9568,885395294
9569,1958175932
9570,651550938
9571,1032156594
9572,1142164825
9573,730530261
9574,1516705670
9575,491577075
9576,213970606
9577,648702353
9578,398731688
9579,2018888451
9580,922633020
9581,1073403129
9582,1551935957
9583,445717020
9584,340647894
9585,1192409160
9586,1298914299
9587,1940773869
9588,1974267544
9589,857673716
9590,86124945
9591,348308764
9592,1771089288
9593,1889797006
9594,1751876688
9595,1268821881
9596,789419156
9597,1950647605
9598,1375940054
9599,148973334
9600,1378841684
9601,1147402077
9602,1364031778
9603,2059180024
9604,962938836
9605,623581375
9606,1561412964
9607,922507398
9608,981744143
9609,1675250281
9610,544874774
9611,711403931
9612,1581382475
9613,1690334426
9614,69623730
9615,52791895
9616,1884019808
9617,1105541143
9618,929376797
9619,1781748481
9620,1052881920
9621,1096618541
9622,1872826108
9623,72509744
9624,767988546
9625,155237413
9626,850289097
9627,1108903008
9628,723999129
9629,1305783424
9630,531558383
9631,1683276249
9632,1688467169
9633,801158365
9634,784387130
9635,1542585203
9636,1376268524
9637,1669024612
9638,1705707089
9639,771746707
9640,1218839998
9641,1529066601
9642,1615644882
9643,1244105774
9644,331350716
9645,756616613
9646,2005110567
9647,776826247
9648,1166111975
9649,1345290135
9650,2055873257
9651,1656882451
9652,2085070499
9653,858341627
9654,1261057275
9655,397148670
9656,1693758707
9657,1817854293
9658,1199941544
9659,1851928662
9660,1144212591
9661,498769494
9662,1184637311
9663,1106996487
9664,150055871
9665,1545902446
9666,1247815190
9667,2037328539
9668,1376901595
9669,196246193
9670,383531375
9671,2072235626
9672,749687146
9673,127261791
9674,616765319
9675,1567902923
9676,1283655116
9677,1327173395
9678,1863927375
9679,1090403508
9680,833878930
9681,1587627204
9682,1508497825
9683,1385914795
9684,1453012534
9685,1678320739
9686,2125124030
9687,2122981743
9688,675821087
9689,1667725975
9690,2059065010
9691,674059162
9692,621709819
9693,1802738258
9694,497634178
9695,1701702737
9696,1525856366
9697,121508227
9698,1510099884
9699,1101912354
9700,1405170046
9701,1599671056
9702,1077489126
9703,1285692187
9704,78353152
9705,510458860
9706,806417848
9707,1458834359
9708,1322305254
9709,1290495293
9710,1293856701
9711,1227637543
9712,563159655
9713,455135077
9714,229333434
9715,171811064
9716,1553191335
9717,1619110794
9718,971879222
9719,1727622375
9720,1226310000
9721,2060539337
9722,324698370
9723,1422859131
9724,300190860
9725,840151275
9726,1433278453
9727,693026664
9728,294064843
9729,1966548809
9730,2125084339
9731,1885133600
9732,1682031764
9733,1049046647
9734,998916997
9735,54185382
9736,1356300605
9737,1129623899
9738,1889245414
9739,1173093316
9740,1597065048
9741,1550958917
9742,449312645
9743,1275569241
9744,1175991569
9745,876304925
9746,1330485723
9747,1582847204
9748,2082779303
9749,152148650
9750,1629330399
9751,176094142
9752,1426522859
9753,705252091
9754,190166784
9755,792401097
9756,1415343148
9757,494445339
9758,325836478
9759,405271738
9760,1393022173
9761,1650217960
9762,800624992
9763,354484708
9764,1962275402
9765,1545260913
9766,339403577
9767,1352136814
9768,1507847110
9769,883298050
9770,1514097456
9771,127443383
9772,1146671573
9773,186332708
9774,1463947360
9775,948659575
9776,879768574
9777,715172546
9778,799386389
9779,278845387
9780,1012863353
9781,1694375399
9782,461727443
9783,1951087674
9784,373057451
9785,1799202582
9786,1683578590
9787,342573479
9788,1291921560
9789,1183635393
9790,1576690033
9791,138553236
9792,493809313
9793,578644279
9794,762240730
9795,1701053873
9796,1380050502
9797,172402483
9798,811062409
9799,633299843
9800,1817244272
9801,869388667
9802,91994704
9803,1244183437
9804,764993970
9805,1487708299
9806,972456800
9807,618208633
9808,1383084871
9809,829733787
9810,636616223
9811,782133649
9812,1855177961
9813,713199896
9814,920046634
9815,1785019758
9816,1771822204
9817,1611496935
9818,492679096
9819,585845926
9820,732353672
9821,887533134
9822,1102586912
9823,616578529
9824,1050427013
9825,1325445980
9826,1059008119
9827,736389417
9828,980560612
9829,1431218389
9830,202370777
9831,86032397
9832,1909187730
9833,1201487372
9834,2122380310
9835,822613288
9836,308222588
9837,2038856114
9838,1080440065
9839,515472386
9840,545197054
9841,1743759573
9842,793532863
9843,123952418
9844,2096292218
9845,932254213
9846,1856872927
9847,551823411
9848,1181133814
9849,2025522113
9850,1429388141
9851,706134302
9852,1887174976
9853,786672741
9854,1235366848
9855,1709397295
9856,703922388
9857,905687050
9858,2089997929
9859,1328859292
9860,154931428
9861,1836176733
9862,1565107065
9863,1803807724
9864,1568830846
9865,1792099671
9866,593846110
9867,37855234
9868,1029598746
9869,1012729280
9870,362021983
9871,1913459316
9872,71706145
9873,2054046588
9874,2085153890
9875,1440028237
9876,1396167
9877,1869510647
9878,2035173136
9879,696297749
9880,973474778
9881,1922179927
9882,146789849
9883,995525999
9884,1267924748
9885,1744687350
9886,608408313
9887,777181730
9888,649847657
9889,1807818465
9890,1337498854
9891,1838119083
9892,736231628
9893,1903341714
9894,1053409210
9895,1250681030
9896,941489575
9897,593966298
9898,1463476895
9899,613774753
9900,951883063
9901,1366076653
9902,1237250375
9903,50765936
9904,2115708512
9905,1660437140
9906,1747142760
9907,792444800
9908,1310904834
9909,1478111465
9910,1432032783
9911,1130419045
9912,314592452
9913,1215637772
9914,1126914324
9915,1701098199
9916,410694409
9917,2070995746
9918,1581553890
9919,1967270838
9920,11913017
9921,1752203904
9922,1259312022
9923,1589205538
9924,763989480
9925,1725296392
9926,952134473
9927,1487124588
9928,1648106954
9929,969191056
9930,174693126
9931,1800496090
9932,1428455096
9933,1793210672
9934,894521441
9935,539836000
9936,387739920
9937,2054705746
9938,548648690
9939,1062136638
9940,679071035
9941,786515098
9942,482450842
9943,464861538
9944,586128468
9945,1168670458
9946,1928552724
9947,978548460
9948,1345054206
9949,447997858
9950,1730228735
9951,1669190379
9952,558385923
9953,1800680635
9954,483550248
9955,652159355
9956,1986196234
9957,1547187858
9958,932621929
9959,1522521546
9960,154927468
9961,1394924600
9962,177359714
9963,639594128
9964,487768759
9965,388701465
9966,2096233648
9967,1393543947
9968,1388458629
9969,236411201
9970,581610059
9971,292876752
9972,754095627
9973,368764823
9974,1190359297
9975,1240202545
9976,777514838
9977,902301944
9978,770481866
9979,662280442
9980,679478339
9981,329594076
9982,1174851120
9983,1236877491
9984,1646849358
9985,1367748010
9986,266343887
9987,450117424
9988,1138279633
9989,1294609040
9990,30213858
9991,2036814916
9992,533357635
9993,492013254
9994,664189413
9995,632313288
9996,1882754069
9997,2120382606
9998,299305805
9999,1819435533
